
USE SHOPEE_FAKE;

#USER_
insert into USER_ values('USR000001','jwfssFTQCb3QQmC', '0bDrjhY@hcmus.edu.vn', '2012-12-14');
insert into USER_ values('USR000002','UCZw1B3Q6OjYq3p', '0q7tnyA@gmail.com', '2013-7-17');
insert into USER_ values('USR000003','dYGVcWD65R0nStj', '0ToIroPN7NRZlW@yahoo.com.vn', '2020-6-22');
insert into USER_ values('USR000004','oVxgpuP3ETPIMcz', '0qjp4Vr0uIhp5by@hcmut.edu.vn', '2017-8-16');
insert into USER_ values('USR000005','gbYjwX0LTZ5zGgk', '0KBi0XVvxZIyQMlp@hcmute.edu.vn', '2011-1-24');
insert into USER_ values('USR000006','YTynq2jZRMWbGSw', '0O1k6aZxclje@hcmus.edu.vn', '2018-10-7');
insert into USER_ values('USR000007','sZ8ElNYrReJjYty', '0tw6qnfucBgtCC2B@ui.edu.vn', '2012-7-16');
insert into USER_ values('USR000008','c3sd5hrjjqMI2F1', '0yubxSIS2m9hK@hcmut.edu.vn', '2009-12-5');
insert into USER_ values('USR000009','66vtejyCwPFTvDm', '0kQgGqjxG43d@ui.edu.vn', '2014-4-4');
insert into USER_ values('USR000010','6XmUKJ516ErUucx', '0mhYQZTppCY@hcmute.edu.vn', '2011-10-17');
insert into USER_ values('USR000011','AkUXlQvu2OhsROW', '0e0Xwmv0Tqyxeukk@ui.edu.vn', '2015-9-12');
insert into USER_ values('USR000012','43V4X7nzCSwAbpn', '0BWSAePrf44cz@hcmute.edu.vn', '2013-12-8');
insert into USER_ values('USR000013','Q6wYb4KHu5Am3kX', '0LZ1XZ6hbH5@hcmut.edu.vn', '2021-12-25');
insert into USER_ values('USR000014','0ZZ8eD7oPdO36yp', '0nJb6853A@hcmute.edu.vn', '2020-5-7');
insert into USER_ values('USR000015','Pfl2IqhsWpVnztT', '02oWYi5iNyJJi5@hcmute.edu.vn', '2013-10-7');
insert into USER_ values('USR000016','fZoY4agLbHOS7PE', '0MUe6sHnL4Kg@gmail.com', '2014-7-7');
insert into USER_ values('USR000017','VYkv1S33hloWltC', '0WABTo@hcmut.edu.vn', '2017-12-2');
insert into USER_ values('USR000018','LlyCS8ly3SNmIY4', '0eypmebEi7H@hcmute.edu.vn', '2014-11-25');
insert into USER_ values('USR000019','MifkUbDIxJvxT7O', '0NXCV8AoZi@hcmus.edu.vn', '2013-4-5');
insert into USER_ values('USR000020','CCOQha9uA2AjJeW', '03tKFEWwrk2@hcmus.edu.vn', '2011-3-7');
insert into USER_ values('USR000021','ugpAdvc17S0YFEO', '03ra6rE3@hcmut.edu.vn', '2020-12-18');
insert into USER_ values('USR000022','7anOJ7oBxvglGke', '0UQcgnpXjv@hcmut.edu.vn', '2014-10-19');
insert into USER_ values('USR000023','KRXpnZSyV07o1iG', '0mOZpS0KxWIICzi@hcmut.edu.vn', '2010-6-10');
insert into USER_ values('USR000024','46df7bBwNL6Q22u', '0CPBAWmUv8@hcmut.edu.vn', '2021-6-6');
insert into USER_ values('USR000025','NxOM9KWSl8D2lhF', '03FYjJgG@hcmus.edu.vn', '2018-7-19');
insert into USER_ values('USR000026','ocT3Kgx4LDjiMIg', '0YiD6Z8SHQr@hcmute.edu.vn', '2009-4-16');
insert into USER_ values('USR000027','gLBjFLnYOTGkQmp', '06jCBQPK7400qAv4@hcmute.edu.vn', '2011-11-23');
insert into USER_ values('USR000028','OkjDhtUd586cdcp', '0ysGrq@ui.edu.vn', '2014-4-15');
insert into USER_ values('USR000029','sGrZ9j2byj7FMd9', '0hGFGZVg2ei3K0Ik@hcmus.edu.vn', '2020-12-2');
insert into USER_ values('USR000030','rbUYCG2JAIt8l2V', '0ApL2BLHZbUnNbji@hcmut.edu.vn', '2017-2-6');
insert into USER_ values('USR000031','zFIZ9HQvNDM7zaF', '0k99CD7VR4pP@ui.edu.vn', '2020-11-11');
insert into USER_ values('USR000032','N9MGbzITSDoBiEv', '0rSPDHd6vazRy@hcmus.edu.vn', '2009-1-21');
insert into USER_ values('USR000033','rAvwRsoNR7tkqne', '0LiWmL@gmail.com', '2021-12-23');
insert into USER_ values('USR000034','nHQz3bye7X1ml7t', '02SEHYAa9br@gmail.com', '2020-8-16');
insert into USER_ values('USR000035','CUvU4rTJcOTzrkO', '0vonL1oBXaNfmyO@hcmut.edu.vn', '2010-9-16');
insert into USER_ values('USR000036','Ssm63ftAR5RJm83', '0PdfAk@hcmute.edu.vn', '2016-1-26');
insert into USER_ values('USR000037','LU9cCcWPcvIVnGH', '0TVBUtTWPoH36x@hcmut.edu.vn', '2010-7-22');
insert into USER_ values('USR000038','m101N6jCSJPLrcx', '0guS9mQR2V0TcZiq@hcmus.edu.vn', '2014-1-23');
insert into USER_ values('USR000039','diFgxuACdX0u1Go', '0TqK72IERhNjIzQB@hcmus.edu.vn', '2009-2-5');
insert into USER_ values('USR000040','5hXwNMeijutEwAa', '0asGhBBPRatCEnX1@hcmute.edu.vn', '2009-7-14');
insert into USER_ values('USR000041','T5GXfZb5ja7agRZ', '09tHxPRjkTh@gmail.com', '2016-9-2');
insert into USER_ values('USR000042','k1yLDkdlzYGNUli', '0ph7HF8KUAAI@ui.edu.vn', '2014-8-14');
insert into USER_ values('USR000043','uEDQYSHZlXTqUWY', '0CiZHlqQYie@yahoo.com.vn', '2016-5-9');
insert into USER_ values('USR000044','CiOm9Lcob6ozJVi', '0U4V5pLn@ui.edu.vn', '2019-4-27');
insert into USER_ values('USR000045','HordUHZpRfBQNvH', '0wRUObYpVfobYL8V@gmail.com', '2021-4-4');
insert into USER_ values('USR000046','vDxVUEsN9nAwTGd', '04Xz7UFAmdyypusG@gmail.com', '2010-7-1');
insert into USER_ values('USR000047','ICrKSngMCbpUjZF', '0eWrge1A0yJvv2@yahoo.com.vn', '2020-6-15');
insert into USER_ values('USR000048','uvm6VYH6V9zw4DJ', '0nS0CS7AF@hcmute.edu.vn', '2010-1-26');
insert into USER_ values('USR000049','jIBVgDswyUwTJMc', '0fqQArM@gmail.com', '2012-12-19');
insert into USER_ values('USR000050','VfGDlHWhX6hQAFv', '0LGKy1xjuAl@ui.edu.vn', '2017-4-4');
insert into USER_ values('USR000051','SnF5btRPtLrIu7E', '08JOXT9C@hcmut.edu.vn', '2010-7-19');
insert into USER_ values('USR000052','vjEscLZrwwSAK3v', '0ljidcVj8eMwLWcF@hcmus.edu.vn', '2020-11-23');
insert into USER_ values('USR000053','cJQymAuQ1e5Sb2O', '0WCsjH7xyq45u5@hcmus.edu.vn', '2011-7-22');
insert into USER_ values('USR000054','YAKp3xrFhR2NOZg', '0zBGST@hcmus.edu.vn', '2018-3-23');
insert into USER_ values('USR000055','nhSq7R1ronLIB8b', '0PsJKKw9@hcmus.edu.vn', '2016-1-2');
insert into USER_ values('USR000056','G9ROVAQlzUXNUej', '045iOwhx7u@yahoo.com.vn', '2010-9-17');
insert into USER_ values('USR000057','YoovO94skLYY6vY', '0yiS2hR8Ljb4MhNC@ui.edu.vn', '2020-1-26');
insert into USER_ values('USR000058','dlsyYqpjW7dJ3d1', '0YyI3psxpP@yahoo.com.vn', '2012-11-16');
insert into USER_ values('USR000059','nYcqcrujTp5Klj5', '0PzNbn829kIXpN@hcmute.edu.vn', '2013-11-13');
insert into USER_ values('USR000060','rmHektwXvZsYRhr', '0JrpOeDVc@hcmus.edu.vn', '2018-6-21');

#CUSTOMER_
insert into CUSTOMER_ values('CUS000001','Ho Nhu Thien', '1962-11-16', 'Silver','USR000001');
insert into CUSTOMER_ values('CUS000002','Ho Van Tin', '1999-9-27', 'Golden','USR000002');
insert into CUSTOMER_ values('CUS000003','Le Thi Tin', '1964-8-16', 'Silver','USR000003');
insert into CUSTOMER_ values('CUS000004','Duong Van Cam Truc', '1962-10-11', 'Normal','USR000004');
insert into CUSTOMER_ values('CUS000005','Ho Thi Tin', '2004-12-16', 'Golden','USR000005');
insert into CUSTOMER_ values('CUS000006','Tran Dao Hong Tin', '1961-8-20', 'Normal','USR000006');
insert into CUSTOMER_ values('CUS000007','Le Van Hong Dao', '1966-10-10', 'Golden','USR000007');
insert into CUSTOMER_ values('CUS000008','Le Cam My', '1964-9-12', 'Normal','USR000008');
insert into CUSTOMER_ values('CUS000009','Duong Van Dao Hong Truc', '2000-2-26', 'Diamond','USR000009');
insert into CUSTOMER_ values('CUS000010','Luu Nhu Khoi', '1974-11-9', 'Golden','USR000010');
insert into CUSTOMER_ values('CUS000011','Duong Van Minh Thien', '1959-3-6', 'Golden','USR000011');
insert into CUSTOMER_ values('CUS000012','Ho Thi Khoi', '1979-9-6', 'Silver','USR000012');
insert into CUSTOMER_ values('CUS000013','Ho Nhu Thien', '1990-11-25', 'Normal','USR000013');
insert into CUSTOMER_ values('CUS000014','Duong Van Minh Thien', '1999-8-15', 'Diamond','USR000014');
insert into CUSTOMER_ values('CUS000015','Nguyen Thi Thien', '1985-10-22', 'Silver','USR000015');
insert into CUSTOMER_ values('CUS000016','Tran Dao Hong Hong Dao', '1983-3-6', 'Golden','USR000016');
insert into CUSTOMER_ values('CUS000017','Ho Cam Tin', '1955-7-5', 'Normal','USR000017');
insert into CUSTOMER_ values('CUS000018','Tran Dao Hong Hong Dao', '1983-7-19', 'Normal','USR000018');
insert into CUSTOMER_ values('CUS000019','Luu Nhu Tin', '1962-12-7', 'Diamond','USR000019');
insert into CUSTOMER_ values('CUS000020','Ho Van Tin', '1977-11-23', 'Normal','USR000020');
insert into CUSTOMER_ values('CUS000021','Ho Nhu Thien', '1962-11-16', 'Silver','USR000021');
insert into CUSTOMER_ values('CUS000022','Ho Van Tin', '1999-9-27', 'Golden','USR000022');
insert into CUSTOMER_ values('CUS000023','Le Thi Tin', '1964-8-16', 'Silver','USR000023');
insert into CUSTOMER_ values('CUS000024','Duong Van Cam Truc', '1962-10-11', 'Normal','USR000024');
insert into CUSTOMER_ values('CUS000025','Ho Thi Tin', '2004-12-16', 'Golden','USR000025');
insert into CUSTOMER_ values('CUS000026','Tran Dao Hong Tin', '1961-8-20', 'Normal','USR000026');
insert into CUSTOMER_ values('CUS000027','Le Van Hong Dao', '1966-10-10', 'Golden','USR000027');
insert into CUSTOMER_ values('CUS000028','Le Cam My', '1964-9-12', 'Normal','USR000028');
insert into CUSTOMER_ values('CUS000029','Duong Van Dao Hong Truc', '2000-2-26', 'Diamond','USR000029');
insert into CUSTOMER_ values('CUS000030','Luu Nhu Khoi', '1974-11-9', 'Golden','USR000030');
insert into CUSTOMER_ values('CUS000031','Duong Van Minh Thien', '1959-3-6', 'Golden','USR000031');
insert into CUSTOMER_ values('CUS000032','Ho Thi Khoi', '1979-9-6', 'Silver','USR000032');
insert into CUSTOMER_ values('CUS000033','Ho Nhu Thien', '1990-11-25', 'Normal','USR000033');
insert into CUSTOMER_ values('CUS000034','Duong Van Minh Thien', '1999-8-15', 'Diamond','USR000034');
insert into CUSTOMER_ values('CUS000035','Nguyen Thi Thien', '1985-10-22', 'Silver','USR000035');

#ADMIN_
insert into ADMIN_ values('ADM000001','Tran Thi Nhu Y', '0972102366', 'nhuytran@gmail.com','USR000036');
insert into ADMIN_ values('ADM000002','Le Thi Bao Thu', '0973453445', 'thultb@hcmut.edu.vn','USR000037');
insert into ADMIN_ values('ADM000003','Le Ngoc Kieu Dung', '0473857463', 'dunguel2k1@gmail.com','USR000038');
insert into ADMIN_ values('ADM000004','Pham Thi Phuong', '0857463447', 'phuongpham1995@ui.edu.vn','USR000039');
insert into ADMIN_ values('ADM000005','Le Thanh Tra', '0884756339', 'trale@gmail.com','USR000040');

#SHOP_
insert into SHOP_ values('SHP000001','Mot Trai Tim Vang','2009-12-12',0,'01 duong Vanh Dai, phuong Linh Trung, Thu Duc, TPHCM','USR000041');
insert into SHOP_ values('SHP000002', 'Ca Map Trang', '2011-12-14', 0, '132/15 Ly Thuong Kiet, quan 1, TPHCM', 'USR000042');
insert into SHOP_ values('SHP000003', 'EmXinh!', '2011-12-14', 0, '121 Tran Duy Hung, Ha Noi', 'USR000043');
insert into SHOP_ values('SHP000004', 'Bang Kieu', '2011-6-13', 0, '234 Nguyen Dinh Chieu, quan 1, TPHCM', 'USR000044');
insert into SHOP_ values('SHP000005', 'Adam', '2014-7-27', 0, '252 Ly Tu Trong, quan 1, TPHCM', 'USR000045');
insert into SHOP_ values('SHP000006', 'BACHKHOA', '2012-6-21', 0, '128 Ly Thuong Kiet, quan 10, TPHCM', 'USR000046');
insert into SHOP_ values('SHP000007', 'PMP', '2008-4-14', 0, '25/1 Ho Thi Tu, quan 9, TPHCM', 'USR000047');
insert into SHOP_ values('SHP000008', 'Elise', '2009-8-16', 0, '234 Hai Ba Trung, Ha Noi', 'USR000048');
insert into SHOP_ values('SHP000009', 'Balaciaga', '2013-1-12', 0, '345 Ly Thai To, Da Nang', 'USR000049');
insert into SHOP_ values('SHP000010', 'HeyderRemix', '2010-3-17', 0, '78 Le Thanh Tong, Hai Phong', 'USR000050');
insert into SHOP_ values('SHP000011', 'VinFast', '2013-11-13', 0, '345 duong D1, khu cong nghiep Dinh Vu, Cat Hai, TP Hai Phong', 'USR000051');
insert into SHOP_ values('SHP000012', 'MeoMeo va Gau Gau', '2012-3-13', 0, '01 lo Bo Tre, huyen Cho Lach, Ben Tre', 'USR000052');
insert into SHOP_ values('SHP000013', 'Ca Sau Hoa Ca', '2018-7-16', 0, '102 Pham Van Dong, thanh pho Thu Duc, TPHCM', 'USR000053');
insert into SHOP_ values('SHP000014', 'An Tam Shop', '2014-10-3', 0, '29/12 Le Loi, Thu Dau Mot, Binh Duong', 'USR000054');
insert into SHOP_ values('SHP000015', 'VinVin OK', '2017-8-20', 0, '235 Nguyen Dinh Chieu, Bien Hoa, Dong Nai', 'USR000055');
insert into SHOP_ values('SHP000016', 'Circle K+', '2013-12-11', 0, '45/12 Truong Vinh Ky, TP Ben Tre', 'USR000056');
insert into SHOP_ values('SHP000017', '24/7 69', '2010-10-19', 0, '01 Dong Khoi, quan 1, TPHCM', 'USR000057');
insert into SHOP_ values('SHP000018', 'LALALA', '2008-10-17', 0, '2234 Quang Trung, Bien Hoa, Dong Nai', 'USR000058');
insert into SHOP_ values('SHP000019', 'Flexing Freestyle', '2009-5-2', 0, '02 Ho Ban Nguyet, quan 7, TPHCM', 'USR000059');
insert into SHOP_ values('SHP000020', 'PewPew', '2019-11-9', 0, '23 Nga Tu An Suong, Hoc Mon, TPHCM', 'USR000060');

#BRAND_PARTNER_
insert into BRAND_PARTNER_ values('SHP000008','USA','Big','Adam Johnseph','093778866','Elise@fashion.com');
insert into BRAND_PARTNER_ values('SHP000009','Switzerland','Medium','Alfred Kalama','0445959691','Balaciaga@shop.com');
insert into BRAND_PARTNER_ values('SHP000020','USA','Small','Alexis Ren','0343535441','Heyder@shopee.com');
insert into BRAND_PARTNER_ values('SHP000011','Viet Nam','Medium','Pham Nhat Vuong','0343432432','Vinfast@auto.com');
insert into BRAND_PARTNER_ values('SHP000010','Viet Nam','Small','Hoang Van Khoa','0369696969','KhoaPew@gmail.com');

#PERSONAL_PARTNER_ 
insert into PERSONAL_PARTNER_ values('SHP000001', 'Nguyen Minh Khai', 'Viet Nam', '0100411467');
insert into PERSONAL_PARTNER_ values('SHP000002', 'Barack Obama', 'USA', '0163349500');
insert into PERSONAL_PARTNER_ values('SHP000003', 'Eimi Fukada', 'Nhat Ban', '0291697724');
insert into PERSONAL_PARTNER_ values('SHP000004', 'Nobi Nobita', 'Nhat Ban', '0214783358');
insert into PERSONAL_PARTNER_ values('SHP000005', 'Tran Thi Thanh Thien', 'Viet Nam', '0369627464');
insert into PERSONAL_PARTNER_ values('SHP000006', 'Francis Thomas', 'Phap', '0157052145');
insert into PERSONAL_PARTNER_ values('SHP000007', 'Samson Quizzer Leo', 'Myanma', '0332818827');
insert into PERSONAL_PARTNER_ values('SHP000012', 'John Wick', 'Nga', '0199611491');
insert into PERSONAL_PARTNER_ values('SHP000013', 'Vladimir Putin', 'Nga', '0129953942');
insert into PERSONAL_PARTNER_ values('SHP000014', 'Tap Can Binh', 'Trung Quoc', '0148276436');
insert into PERSONAL_PARTNER_ values('SHP000015', 'Pham Bang Bang', 'Trung Quoc', '0423916604');
insert into PERSONAL_PARTNER_ values('SHP000016', 'Song Hye Kyo', 'Han Quoc', '0139021153');
insert into PERSONAL_PARTNER_ values('SHP000017', 'GDragon', 'Han Quoc', '0102924382');
insert into PERSONAL_PARTNER_ values('SHP000018', 'Truong Quynh Chi', 'Viet Nam', '0274211716');
insert into PERSONAL_PARTNER_ values('SHP000019', 'Nguyen Thi Bao Thu', 'Viet Nam', '0278916516');

#EMAIL_CUSTOMER_ 
insert into EMAIL_CUSTOMER_ values('CUS000001','test01@gmail.com');
insert into EMAIL_CUSTOMER_ values('CUS000002', '0I8WSFlUJ0NfYNR@hcmute.edu.vn');
insert into EMAIL_CUSTOMER_ values('CUS000002', '0JOGUFj@hcmus.edu.vn');
insert into EMAIL_CUSTOMER_ values('CUS000002', '0oTLgQkKiVt@hcmut.edu.vn');
insert into EMAIL_CUSTOMER_ values('CUS000003', '09mhfBp@gmail.com');
insert into EMAIL_CUSTOMER_ values('CUS000004', '0XnR7SzQbvt5Z@yahoo.com.vn');
insert into EMAIL_CUSTOMER_ values('CUS000004', '0byRxiuHYrmnnN@yahoo.com.vn');
insert into EMAIL_CUSTOMER_ values('CUS000004', '09ZlzodEmDKlY@yahoo.com.vn');
insert into EMAIL_CUSTOMER_ values('CUS000005', '068fHOehH1yhrZx@hcmut.edu.vn');
insert into EMAIL_CUSTOMER_ values('CUS000005', '0s6QpJ9AAyBvN@hcmut.edu.vn');
insert into EMAIL_CUSTOMER_ values('CUS000005', '0raVUxRw9LMgJD@ui.edu.vn');
insert into EMAIL_CUSTOMER_ values('CUS000006', '0mperZTTiW9Ve@ui.edu.vn');
insert into EMAIL_CUSTOMER_ values('CUS000006', '0pw5idrMtvf@gmail.com');
insert into EMAIL_CUSTOMER_ values('CUS000007', '0VTkh2xh@hcmut.edu.vn');
insert into EMAIL_CUSTOMER_ values('CUS000007', '09OjIQ1ckVIBebu@hcmut.edu.vn');
insert into EMAIL_CUSTOMER_ values('CUS000007', '0qVE2FxnJQCWcbqi@hcmute.edu.vn');
insert into EMAIL_CUSTOMER_ values('CUS000008', '09LgcOFUwfqL5XR@yahoo.com.vn');
insert into EMAIL_CUSTOMER_ values('CUS000008', '0P7kW7kTr2O@hcmus.edu.vn');
insert into EMAIL_CUSTOMER_ values('CUS000008', '0n9ouDqKRBo6G@gmail.com');
insert into EMAIL_CUSTOMER_ values('CUS000009', '0f2nDXT2QaQ33@gmail.com');
insert into EMAIL_CUSTOMER_ values('CUS000010', '0OSls3@hcmus.edu.vn');
insert into EMAIL_CUSTOMER_ values('CUS000011', '0vcKDbpSzBY@gmail.com');
insert into EMAIL_CUSTOMER_ values('CUS000011', '0C1f4c9Vi@ui.edu.vn');
insert into EMAIL_CUSTOMER_ values('CUS000012', '0PMfri@hcmus.edu.vn');
insert into EMAIL_CUSTOMER_ values('CUS000013', '0e5FvEH4sMa6v@hcmute.edu.vn');
insert into EMAIL_CUSTOMER_ values('CUS000014', '0EzbhPmhVPespaqU@gmail.com');
insert into EMAIL_CUSTOMER_ values('CUS000014', '0WKpzBeOuAa@hcmut.edu.vn');
insert into EMAIL_CUSTOMER_ values('CUS000015', '0PR1oYqBshGsxpN@gmail.com');
insert into EMAIL_CUSTOMER_ values('CUS000015', '0siRRoNxL@hcmute.edu.vn');
insert into EMAIL_CUSTOMER_ values('CUS000016', '0HqZ6ZC@gmail.com');
insert into EMAIL_CUSTOMER_ values('CUS000016', '0b0i3BBy8hiZ2x@hcmute.edu.vn');
insert into EMAIL_CUSTOMER_ values('CUS000016', '0pBOkfAw95S@hcmut.edu.vn');
insert into EMAIL_CUSTOMER_ values('CUS000017', '0SNtDilJ5sNV@gmail.com');
insert into EMAIL_CUSTOMER_ values('CUS000018', '0hC7vm2qS8Nc@hcmut.edu.vn');
insert into EMAIL_CUSTOMER_ values('CUS000019', '0Aj2Nv2@gmail.com');
insert into EMAIL_CUSTOMER_ values('CUS000019', '0nEFEtzKL13@gmail.com');
insert into EMAIL_CUSTOMER_ values('CUS000020', '0MgvapwmHCbbW@hcmut.edu.vn');
insert into EMAIL_CUSTOMER_ values('CUS000020', '043s4o@gmail.com');
insert into EMAIL_CUSTOMER_ values('CUS000020', '0sNSABeEtY@hcmus.edu.vn');
insert into EMAIL_CUSTOMER_ values('CUS000021', '0JCnsgenQ@hcmut.edu.vn');
insert into EMAIL_CUSTOMER_ values('CUS000021', '0dOvnl92UgI@hcmus.edu.vn');
insert into EMAIL_CUSTOMER_ values('CUS000022', '0p3ZW3ElPe0Ew@yahoo.com.vn');
insert into EMAIL_CUSTOMER_ values('CUS000023', '0q1Icg@hcmut.edu.vn');
insert into EMAIL_CUSTOMER_ values('CUS000024', '0rSW75nO5vnIX@hcmus.edu.vn');
insert into EMAIL_CUSTOMER_ values('CUS000025', '0TEGsam8zwe@hcmus.edu.vn');
insert into EMAIL_CUSTOMER_ values('CUS000026', '0ls8ScXZCUoQ8Z0@hcmut.edu.vn');
insert into EMAIL_CUSTOMER_ values('CUS000026', '0Sja5sv8GMlkTlF2@hcmus.edu.vn');
insert into EMAIL_CUSTOMER_ values('CUS000026', '0BQjdfn0pZMhTX@ui.edu.vn');
insert into EMAIL_CUSTOMER_ values('CUS000027', '0c5i5nB9LjJq@hcmut.edu.vn');
insert into EMAIL_CUSTOMER_ values('CUS000028', '0wJgU0MY@hcmus.edu.vn');
insert into EMAIL_CUSTOMER_ values('CUS000028', '09cTRlHRvwir@ui.edu.vn');
insert into EMAIL_CUSTOMER_ values('CUS000028', '06jP8QSJLSCbPsK@hcmus.edu.vn');
insert into EMAIL_CUSTOMER_ values('CUS000029', '0x6a1VYQ4C@hcmute.edu.vn');
insert into EMAIL_CUSTOMER_ values('CUS000029', '0YorN76@hcmute.edu.vn');
insert into EMAIL_CUSTOMER_ values('CUS000030', '0R89Cu2vOg5qnpS@ui.edu.vn');
insert into EMAIL_CUSTOMER_ values('CUS000030', '0JX6V2ZNBmpxw@yahoo.com.vn');
insert into EMAIL_CUSTOMER_ values('CUS000031', '0DS78ZN7@hcmus.edu.vn');
insert into EMAIL_CUSTOMER_ values('CUS000032', '0UmONonmf4x1CaK5@hcmus.edu.vn');
insert into EMAIL_CUSTOMER_ values('CUS000033', '0gCqkhK@gmail.com');
insert into EMAIL_CUSTOMER_ values('CUS000033', '0CaXzsrdMxysiJms@hcmut.edu.vn');
insert into EMAIL_CUSTOMER_ values('CUS000033', '0PmrvhFs9egt5Gj@hcmute.edu.vn');
insert into EMAIL_CUSTOMER_ values('CUS000034', '0pCvOjrxTHjk@ui.edu.vn');
insert into EMAIL_CUSTOMER_ values('CUS000034', '0Rf1JwjkRyBuG@hcmut.edu.vn');
insert into EMAIL_CUSTOMER_ values('CUS000034', '0VidLTbztTar4p6@hcmut.edu.vn');
insert into EMAIL_CUSTOMER_ values('CUS000035', '03dlxuvxluORyD@hcmus.edu.vn');
insert into EMAIL_CUSTOMER_ values('CUS000035', '07eRKFrHU@hcmus.edu.vn');
insert into EMAIL_CUSTOMER_ values('CUS000035', '0iiyxZ5AvHL8TgWX@ui.edu.vn');

#PHONE_NUMBER_CUSTOMER_
insert into PHONE_NUMBER_CUSTOMER_ values('CUS000001', '0284677334');
insert into PHONE_NUMBER_CUSTOMER_ values('CUS000001', '0365002169');
insert into PHONE_NUMBER_CUSTOMER_ values('CUS000001', '0257243478');
insert into PHONE_NUMBER_CUSTOMER_ values('CUS000002', '0369627464');
insert into PHONE_NUMBER_CUSTOMER_ values('CUS000003', '0381456281');
insert into PHONE_NUMBER_CUSTOMER_ values('CUS000003', '0268271961');
insert into PHONE_NUMBER_CUSTOMER_ values('CUS000003', '0104913995');
insert into PHONE_NUMBER_CUSTOMER_ values('CUS000004', '0148276436');
insert into PHONE_NUMBER_CUSTOMER_ values('CUS000004', '0423916604');
insert into PHONE_NUMBER_CUSTOMER_ values('CUS000004', '0139021153');
insert into PHONE_NUMBER_CUSTOMER_ values('CUS000005', '0223829421');
insert into PHONE_NUMBER_CUSTOMER_ values('CUS000005', '0287162718');
insert into PHONE_NUMBER_CUSTOMER_ values('CUS000006', '0154474726');
insert into PHONE_NUMBER_CUSTOMER_ values('CUS000006', '0247713538');
insert into PHONE_NUMBER_CUSTOMER_ values('CUS000006', '0118692912');
insert into PHONE_NUMBER_CUSTOMER_ values('CUS000007', '0362999035');
insert into PHONE_NUMBER_CUSTOMER_ values('CUS000007', '0198942703');
insert into PHONE_NUMBER_CUSTOMER_ values('CUS000007', '0338115322');
insert into PHONE_NUMBER_CUSTOMER_ values('CUS000008', '0276735664');
insert into PHONE_NUMBER_CUSTOMER_ values('CUS000009', '0177112253');
insert into PHONE_NUMBER_CUSTOMER_ values('CUS000010', '0355471644');
insert into PHONE_NUMBER_CUSTOMER_ values('CUS000010', '0426626757');
insert into PHONE_NUMBER_CUSTOMER_ values('CUS000011', '0228599723');
insert into PHONE_NUMBER_CUSTOMER_ values('CUS000012', '0375291778');
insert into PHONE_NUMBER_CUSTOMER_ values('CUS000013', '0130355190');
insert into PHONE_NUMBER_CUSTOMER_ values('CUS000013', '0118421288');
insert into PHONE_NUMBER_CUSTOMER_ values('CUS000014', '0190409942');
insert into PHONE_NUMBER_CUSTOMER_ values('CUS000014', '0292645648');
insert into PHONE_NUMBER_CUSTOMER_ values('CUS000015', '0338057890');
insert into PHONE_NUMBER_CUSTOMER_ values('CUS000015', '0167297370');
insert into PHONE_NUMBER_CUSTOMER_ values('CUS000015', '0253507006');
insert into PHONE_NUMBER_CUSTOMER_ values('CUS000016', '0343934548');
insert into PHONE_NUMBER_CUSTOMER_ values('CUS000017', '0226237084');
insert into PHONE_NUMBER_CUSTOMER_ values('CUS000018', '0287563840');
insert into PHONE_NUMBER_CUSTOMER_ values('CUS000018', '0149668376');
insert into PHONE_NUMBER_CUSTOMER_ values('CUS000019', '0363088944');
insert into PHONE_NUMBER_CUSTOMER_ values('CUS000019', '0424397626');
insert into PHONE_NUMBER_CUSTOMER_ values('CUS000019', '0213236537');
insert into PHONE_NUMBER_CUSTOMER_ values('CUS000020', '0261183082');
insert into PHONE_NUMBER_CUSTOMER_ values('CUS000020', '0329298541');
insert into PHONE_NUMBER_CUSTOMER_ values('CUS000021', '0411155639');
insert into PHONE_NUMBER_CUSTOMER_ values('CUS000022', '0327041930');
insert into PHONE_NUMBER_CUSTOMER_ values('CUS000023', '0123065673');
insert into PHONE_NUMBER_CUSTOMER_ values('CUS000024', '0150212745');
insert into PHONE_NUMBER_CUSTOMER_ values('CUS000025', '0290727270');
insert into PHONE_NUMBER_CUSTOMER_ values('CUS000025', '0158299777');
insert into PHONE_NUMBER_CUSTOMER_ values('CUS000025', '0255736097');
insert into PHONE_NUMBER_CUSTOMER_ values('CUS000026', '0339865290');
insert into PHONE_NUMBER_CUSTOMER_ values('CUS000027', '0286365355');
insert into PHONE_NUMBER_CUSTOMER_ values('CUS000027', '0347676655');
insert into PHONE_NUMBER_CUSTOMER_ values('CUS000027', '0255745031');
insert into PHONE_NUMBER_CUSTOMER_ values('CUS000028', '0373502150');
insert into PHONE_NUMBER_CUSTOMER_ values('CUS000028', '0269414724');
insert into PHONE_NUMBER_CUSTOMER_ values('CUS000029', '0134305107');
insert into PHONE_NUMBER_CUSTOMER_ values('CUS000029', '0401911007');
insert into PHONE_NUMBER_CUSTOMER_ values('CUS000030', '0254574287');
insert into PHONE_NUMBER_CUSTOMER_ values('CUS000031', '0203836945');
insert into PHONE_NUMBER_CUSTOMER_ values('CUS000032', '0422091758');
insert into PHONE_NUMBER_CUSTOMER_ values('CUS000032', '0342211588');
insert into PHONE_NUMBER_CUSTOMER_ values('CUS000032', '0164227946');
insert into PHONE_NUMBER_CUSTOMER_ values('CUS000033', '0230308413');
insert into PHONE_NUMBER_CUSTOMER_ values('CUS000033', '0391681900');
insert into PHONE_NUMBER_CUSTOMER_ values('CUS000033', '0425911762');
insert into PHONE_NUMBER_CUSTOMER_ values('CUS000034', '0274107359');
insert into PHONE_NUMBER_CUSTOMER_ values('CUS000034', '0376243537');
insert into PHONE_NUMBER_CUSTOMER_ values('CUS000034', '0315487483');
insert into PHONE_NUMBER_CUSTOMER_ values('CUS000035', '0140414602');
insert into PHONE_NUMBER_CUSTOMER_ values('CUS000035', '0343502291');
#ADDRESS_CUSTOMER_ 
insert into ADDRESS_CUSTOMER_ values('CUS000001', 'Ben Tre');
insert into ADDRESS_CUSTOMER_ values('CUS000001', 'q5 TPHCM');
insert into ADDRESS_CUSTOMER_ values('CUS000001', 'q11 TPHCM');
insert into ADDRESS_CUSTOMER_ values('CUS000002', 'q5 TPHCM');
insert into ADDRESS_CUSTOMER_ values('CUS000002', 'Chau Doc, An Giang');
insert into ADDRESS_CUSTOMER_ values('CUS000003', 'Tien Giang');
insert into ADDRESS_CUSTOMER_ values('CUS000003', 'q6 TPHCM');
insert into ADDRESS_CUSTOMER_ values('CUS000004', 'q2 TPHCM');
insert into ADDRESS_CUSTOMER_ values('CUS000004', 'Cho Lach, Ben Tre');
insert into ADDRESS_CUSTOMER_ values('CUS000005', 'Ha Giang');
insert into ADDRESS_CUSTOMER_ values('CUS000005', 'q3 TPHCM');
insert into ADDRESS_CUSTOMER_ values('CUS000005', 'Cho Lach, Ben Tre');
insert into ADDRESS_CUSTOMER_ values('CUS000006', 'Tra Cu, Tra Vinh');
insert into ADDRESS_CUSTOMER_ values('CUS000007', 'q3 TPHCM');
insert into ADDRESS_CUSTOMER_ values('CUS000008', 'Dam Doi, Ca Mau');
insert into ADDRESS_CUSTOMER_ values('CUS000009', 'Tra Cu, Tra Vinh');
insert into ADDRESS_CUSTOMER_ values('CUS000009', 'Cai Be, Tien Giang');
insert into ADDRESS_CUSTOMER_ values('CUS000010', 'q6 TPHCM');
insert into ADDRESS_CUSTOMER_ values('CUS000010', 'Ben Tre');
insert into ADDRESS_CUSTOMER_ values('CUS000010', 'q7 TPHCM');
insert into ADDRESS_CUSTOMER_ values('CUS000011', 'Chau Doc, An Giang');
insert into ADDRESS_CUSTOMER_ values('CUS000011', 'q10 TPHCM');
insert into ADDRESS_CUSTOMER_ values('CUS000011', 'Dam Doi, Ca Mau');
insert into ADDRESS_CUSTOMER_ values('CUS000012', 'KrongNo, DakNong');
insert into ADDRESS_CUSTOMER_ values('CUS000012', 'Ha Giang');
insert into ADDRESS_CUSTOMER_ values('CUS000012', 'Chau Thanh, Tra Vinh');
insert into ADDRESS_CUSTOMER_ values('CUS000013', 'Tra Cu, Tra Vinh');
insert into ADDRESS_CUSTOMER_ values('CUS000013', 'q3 TPHCM');
insert into ADDRESS_CUSTOMER_ values('CUS000013', 'q4 TPHCM');
insert into ADDRESS_CUSTOMER_ values('CUS000014', 'Tien Giang');
insert into ADDRESS_CUSTOMER_ values('CUS000015', 'q2 TPHCM');
insert into ADDRESS_CUSTOMER_ values('CUS000016', 'Ninh Kieu, Can Tho');
insert into ADDRESS_CUSTOMER_ values('CUS000016', 'Ben Tre');
insert into ADDRESS_CUSTOMER_ values('CUS000016', 'Tien Giang');
insert into ADDRESS_CUSTOMER_ values('CUS000017', 'Cho Lach, Ben Tre');
insert into ADDRESS_CUSTOMER_ values('CUS000018', 'U Minh, Ca Mau');
insert into ADDRESS_CUSTOMER_ values('CUS000018', 'Tra Cu, Tra Vinh');
insert into ADDRESS_CUSTOMER_ values('CUS000019', 'Ninh Kieu, Can Tho');
insert into ADDRESS_CUSTOMER_ values('CUS000019', 'Bac Tu Liem, Ha Noi');
insert into ADDRESS_CUSTOMER_ values('CUS000020', 'Long Xuyen, An Giang');
insert into ADDRESS_CUSTOMER_ values('CUS000020', 'Ngu Hanh Son, Da Nang');
insert into ADDRESS_CUSTOMER_ values('CUS000020', 'Chau Doc, An Giang');
insert into ADDRESS_CUSTOMER_ values('CUS000021', 'q11 TPHCM');
insert into ADDRESS_CUSTOMER_ values('CUS000021', 'q3 TPHCM');
insert into ADDRESS_CUSTOMER_ values('CUS000022', 'Ninh Kieu, Can Tho');
insert into ADDRESS_CUSTOMER_ values('CUS000022', 'Cai Be, Tien Giang');
insert into ADDRESS_CUSTOMER_ values('CUS000023', 'Long Xuyen, An Giang');
insert into ADDRESS_CUSTOMER_ values('CUS000024', 'q11 TPHCM');
insert into ADDRESS_CUSTOMER_ values('CUS000025', 'q7 TPHCM');
insert into ADDRESS_CUSTOMER_ values('CUS000025', 'Tra Cu, Tra Vinh');
insert into ADDRESS_CUSTOMER_ values('CUS000025', 'q4 TPHCM');
insert into ADDRESS_CUSTOMER_ values('CUS000026', 'q10 TPHCM');
insert into ADDRESS_CUSTOMER_ values('CUS000026', 'U Minh, Ca Mau');
insert into ADDRESS_CUSTOMER_ values('CUS000026', 'Chau Thanh, Tra Vinh');
insert into ADDRESS_CUSTOMER_ values('CUS000027', 'q7 TPHCM');
insert into ADDRESS_CUSTOMER_ values('CUS000027', 'Long Xuyen, An Giang');
insert into ADDRESS_CUSTOMER_ values('CUS000028', 'Cai Be, Tien Giang');
insert into ADDRESS_CUSTOMER_ values('CUS000028', 'q12 TPHCM');
insert into ADDRESS_CUSTOMER_ values('CUS000029', 'Chau Thanh, Tra Vinh');
insert into ADDRESS_CUSTOMER_ values('CUS000029', 'q10 TPHCM');
insert into ADDRESS_CUSTOMER_ values('CUS000030', 'Hai Phong');
insert into ADDRESS_CUSTOMER_ values('CUS000030', 'Ben Tre');
insert into ADDRESS_CUSTOMER_ values('CUS000030', 'Ninh Kieu, Can Tho');
insert into ADDRESS_CUSTOMER_ values('CUS000031', 'Ngu Hanh Son, Da Nang');
insert into ADDRESS_CUSTOMER_ values('CUS000031', 'q10 TPHCM');
insert into ADDRESS_CUSTOMER_ values('CUS000031', 'q12 TPHCM');
insert into ADDRESS_CUSTOMER_ values('CUS000032', 'q6 TPHCM');
insert into ADDRESS_CUSTOMER_ values('CUS000033', 'Chau Doc, An Giang');
insert into ADDRESS_CUSTOMER_ values('CUS000033', 'Chau Thanh, Tra Vinh');
insert into ADDRESS_CUSTOMER_ values('CUS000034', 'Cho Lach, Ben Tre');
insert into ADDRESS_CUSTOMER_ values('CUS000035', 'U Minh, Ca Mau');
insert into ADDRESS_CUSTOMER_ values('CUS000035', 'q7 TPHCM');
insert into ADDRESS_CUSTOMER_ values('CUS000035', 'q12 TPHCM');



#CATEGORY_
insert into CATEGORY_ values('Trai Cay','Trai cay tuoi nhap tu Han Quoc');
insert into CATEGORY_ values('Hoa','Hoa Đa Lat');
insert into CATEGORY_ values('Giay','Cac mau giay hot 2021');
insert into CATEGORY_ values('Quan Ao','Thoi trang mua Xuan');


#PRODUCT_
insert into PRODUCT_ values('PRO000001' , 'SHP000001' , 'Giày Adidas Yeezy 700 v2' , 'NULL' , 'Giày Adidas Yeezy 700 v2 phân phối chính hãng' , '1499.99' , 0 , 0 , 1000 );
insert into PRODUCT_ values('PRO000002' , 'SHP000001' , 'Giày Nike Jordan 1 High' , 'NULL' , 'Giày Nike Jordan 1 High phân phối chính hãng' , '2499.99' , 0 , 0 , 1000 );
insert into PRODUCT_ values('PRO000003' , 'SHP000001' , 'Đầm' , 'NULL' , 'Đầm cho dịp xuân về' , '149.99' , 0 , 0 , 1000 );
insert into PRODUCT_ values('PRO000004' , 'SHP000001' , 'Váy' , 'NULL' , 'Váy cho dịp xuân về' , '249.99' , 0 , 0 , 1000 );
insert into PRODUCT_ values('PRO000005' , 'SHP000001' , 'Áo khoác' , 'NULL' , 'Áo khoác cho dịp xuân về' , '199.99' , 0 , 0 , 1000 );
insert into PRODUCT_ values('PRO000006' , 'SHP000001' , 'Áo dài truyền thống' , 'NULL' , 'Áo dài truyền thống cho dịp xuân về' , '149.99' , 0 , 0 , 1000 );
insert into PRODUCT_ values('PRO000007' , 'SHP000001' , 'Quần Khaki' , 'NULL' , 'Quần Khaki cho dịp xuân về' , '99.99' , 0 , 0 , 1000 );
insert into PRODUCT_ values('PRO000008' , 'SHP000001' , 'Áo thun basic' , 'NULL' , 'Áo thun basic cho 
dịp xuân về' , '149.99' , 0 , 0 , 1000 );
insert into PRODUCT_ values('PRO000009' , 'SHP000001' , 'Giày Adidas Alphabounce' , 'NULL' , 'Giày Adidas Alphabounce phân phối chính hãng' , '499.99' , 0 , 0 , 1000 );
insert into PRODUCT_ values('PRO000010' , 'SHP000001' , 'Áo polo' , 'NULL' , 'Áo polo cho dịp xuân về' , '149.99' , 0 , 0 , 1000 );
insert into PRODUCT_ values('PRO000011' , 'SHP000001' , 'Giày Gucci NY Yankees' , 'NULL' , 'Giày Gucci NY Yankees phân phối chính hãng' , '1999.99' , 0 , 0 , 1000 );
insert into PRODUCT_ values('PRO000012' , 'SHP000001' , 'Giày MLB Boston Red Sox' , 'NULL' , 'Giày MLB Boston Red Sox phân phối chính hãng' , '1999.99' , 0 , 0 , 1000 );
insert into PRODUCT_ values('PRO000013' , 'SHP000001' , 'Giày Adidas Tubular' , 'NULL' , 'Giày Adidas 
Tubular phân phối chính hãng' , '999.99' , 0 , 0 , 1000 );
insert into PRODUCT_ values('PRO000014' , 'SHP000001' , 'Balenciaga Triple S' , 'NULL' , 'Balenciaga Triple S phân phối chính hãng' , '499.99' , 0 , 0 , 1000 );
insert into PRODUCT_ values('PRO000015' , 'SHP000001' , 'Giày Adidas StanSmith' , 'NULL' , 'Giày Adidas StanSmith phân phối chính hãng' , '1499.99' , 0 , 0 , 1000 );
insert into PRODUCT_ values('PRO000016' , 'SHP000001' , 'Quần Jean' , 'NULL' , 'Quần Jean cho dịp xuân về' , '49.99' , 0 , 0 , 1000 );
insert into PRODUCT_ values('PRO000017' , 'SHP000001' , 'Quần tây' , 'NULL' , 'Quần tây cho dịp xuân về' , '49.99' , 0 , 0 , 1000 );
insert into PRODUCT_ values('PRO000018' , 'SHP000001' , 'Quần short' , 'NULL' , 'Quần short cho dịp xuân về' , '99.99' , 0 , 0 , 1000 );
insert into PRODUCT_ values('PRO000019' , 'SHP000001' , 'Giày Nike AF Dragon Para Noise' , 'NULL' , 'Giày Nike AF Dragon Para Noise phân phối chính hãng' , '1499.99' , 0 , 0 , 1000 );
insert into PRODUCT_ values('PRO000020' , 'SHP000001' , 'Áo sơmi' , 'NULL' , 'Áo sơmi cho dịp xuân về' , '249.99' , 0 , 0 , 1000 );
insert into PRODUCT_ values('PRO000001' , 'SHP000002' , 'Quần short' , 'NULL' , 'Quần short cho dịp xuân về' , '99.99' , 0 , 0 , 1000 );
insert into PRODUCT_ values('PRO000002' , 'SHP000002' , 'Giày MLB Boston Red Sox' , 'NULL' , 'Giày MLB Boston Red Sox phân phối chính hãng' , '1999.99' , 0 , 0 , 1000 );
insert into PRODUCT_ values('PRO000003' , 'SHP000002' , 'Giày Nike AF Dragon Para Noise' , 'NULL' , 'Giày Nike AF Dragon Para Noise phân phối chính hãng' , '1499.99' , 0 , 0 , 1000 );
insert into PRODUCT_ values('PRO000004' , 'SHP000002' , 'Giày Nike Jordan 1 High' , 'NULL' , 'Giày Nike Jordan 1 High phân phối chính hãng' , '2499.99' , 0 , 0 , 1000 );
insert into PRODUCT_ values('PRO000005' , 'SHP000002' , 'Giày Adidas Tubular' , 'NULL' , 'Giày Adidas 
Tubular phân phối chính hãng' , '999.99' , 0 , 0 , 1000 );
insert into PRODUCT_ values('PRO000006' , 'SHP000002' , 'Áo khoác' , 'NULL' , 'Áo khoác cho dịp xuân về' , '199.99' , 0 , 0 , 1000 );
insert into PRODUCT_ values('PRO000007' , 'SHP000002' , 'Quần Khaki' , 'NULL' , 'Quần Khaki cho dịp xuân về' , '99.99' , 0 , 0 , 1000 );
insert into PRODUCT_ values('PRO000008' , 'SHP000002' , 'Đầm' , 'NULL' , 'Đầm cho dịp xuân về' , '149.99' , 0 , 0 , 1000 );
insert into PRODUCT_ values('PRO000009' , 'SHP000002' , 'Quần tây' , 'NULL' , 'Quần tây cho dịp xuân về' , '49.99' , 0 , 0 , 1000 );
insert into PRODUCT_ values('PRO000010' , 'SHP000002' , 'Quần Jean' , 'NULL' , 'Quần Jean cho dịp xuân về' , '49.99' , 0 , 0 , 1000 );
insert into PRODUCT_ values('PRO000011' , 'SHP000002' , 'Giày Nike Air Force 1' , 'NULL' , 'Giày Nike 
Air Force 1 phân phối chính hãng' , '1499.99' , 0 , 0 , 1000 );
insert into PRODUCT_ values('PRO000012' , 'SHP000002' , 'Giày Adidas Ultraboots 5.0' , 'NULL' , 'Giày 
Adidas Ultraboots 5.0 phân phối chính hãng' , '1999.99' , 0 , 0 , 1000 );
insert into PRODUCT_ values('PRO000013' , 'SHP000002' , 'Áo thun basic' , 'NULL' , 'Áo thun basic cho 
dịp xuân về' , '149.99' , 0 , 0 , 1000 );
insert into PRODUCT_ values('PRO000014' , 'SHP000002' , 'Giày Nike Jordan 1 Low' , 'NULL' , 'Giày Nike Jordan 1 Low phân phối chính hãng' , '999.99' , 0 , 0 , 1000 );
insert into PRODUCT_ values('PRO000015' , 'SHP000002' , 'Giày Adidas Alphabounce' , 'NULL' , 'Giày Adidas Alphabounce phân phối chính hãng' , '499.99' , 0 , 0 , 1000 );
insert into PRODUCT_ values('PRO000016' , 'SHP000002' , 'Váy' , 'NULL' , 'Váy cho dịp xuân về' , '249.99' , 0 , 0 , 1000 );
insert into PRODUCT_ values('PRO000017' , 'SHP000002' , 'Giày Adidas Yeezy 700 v2' , 'NULL' , 'Giày Adidas Yeezy 700 v2 phân phối chính hãng' , '1499.99' , 0 , 0 , 1000 );
insert into PRODUCT_ values('PRO000018' , 'SHP000002' , 'Áo sơmi' , 'NULL' , 'Áo sơmi cho dịp xuân về' , '249.99' , 0 , 0 , 1000 );
insert into PRODUCT_ values('PRO000019' , 'SHP000002' , 'Giày Adidas StanSmith' , 'NULL' , 'Giày Adidas StanSmith phân phối chính hãng' , '1499.99' , 0 , 0 , 1000 );
insert into PRODUCT_ values('PRO000020' , 'SHP000002' , 'Giày Gucci NY Yankees' , 'NULL' , 'Giày Gucci NY Yankees phân phối chính hãng' , '1999.99' , 0 , 0 , 1000 );
insert into PRODUCT_ values('PRO000001' , 'SHP000003' , 'Giày Nike AF Dragon Para Noise' , 'NULL' , 'Giày Nike AF Dragon Para Noise phân phối chính hãng' , '1499.99' , 0 , 0 , 1000 );
insert into PRODUCT_ values('PRO000002' , 'SHP000003' , 'Giày Nike Jordan 1 High' , 'NULL' , 'Giày Nike Jordan 1 High phân phối chính hãng' , '2499.99' , 0 , 0 , 1000 );
insert into PRODUCT_ values('PRO000003' , 'SHP000003' , 'Giày Adidas Yeezy 700 v2' , 'NULL' , 'Giày Adidas Yeezy 700 v2 phân phối chính hãng' , '1499.99' , 0 , 0 , 1000 );
insert into PRODUCT_ values('PRO000004' , 'SHP000003' , 'Áo sơmi' , 'NULL' , 'Áo sơmi cho dịp xuân về' , '249.99' , 0 , 0 , 1000 );
insert into PRODUCT_ values('PRO000005' , 'SHP000003' , 'Balenciaga Triple S' , 'NULL' , 'Balenciaga Triple S phân phối chính hãng' , '499.99' , 0 , 0 , 1000 );
insert into PRODUCT_ values('PRO000006' , 'SHP000003' , 'Giày Nike Air Force 1' , 'NULL' , 'Giày Nike 
Air Force 1 phân phối chính hãng' , '1499.99' , 0 , 0 , 1000 );
insert into PRODUCT_ values('PRO000007' , 'SHP000003' , 'Giày Adidas Ultraboots 5.0' , 'NULL' , 'Giày 
Adidas Ultraboots 5.0 phân phối chính hãng' , '1999.99' , 0 , 0 , 1000 );
insert into PRODUCT_ values('PRO000008' , 'SHP000003' , 'Quần Khaki' , 'NULL' , 'Quần Khaki cho dịp xuân về' , '99.99' , 0 , 0 , 1000 );
insert into PRODUCT_ values('PRO000009' , 'SHP000003' , 'Áo polo' , 'NULL' , 'Áo polo cho dịp xuân về' , '149.99' , 0 , 0 , 1000 );
insert into PRODUCT_ values('PRO000010' , 'SHP000003' , 'Giày Adidas Alphabounce' , 'NULL' , 'Giày Adidas Alphabounce phân phối chính hãng' , '499.99' , 0 , 0 , 1000 );
insert into PRODUCT_ values('PRO000011' , 'SHP000003' , 'Giày Adidas Tubular' , 'NULL' , 'Giày Adidas 
Tubular phân phối chính hãng' , '999.99' , 0 , 0 , 1000 );
insert into PRODUCT_ values('PRO000012' , 'SHP000003' , 'Giày Adidas StanSmith' , 'NULL' , 'Giày Adidas StanSmith phân phối chính hãng' , '1499.99' , 0 , 0 , 1000 );
insert into PRODUCT_ values('PRO000013' , 'SHP000003' , 'Quần Jean' , 'NULL' , 'Quần Jean cho dịp xuân về' , '49.99' , 0 , 0 , 1000 );
insert into PRODUCT_ values('PRO000014' , 'SHP000003' , 'Váy' , 'NULL' , 'Váy cho dịp xuân về' , '249.99' , 0 , 0 , 1000 );
insert into PRODUCT_ values('PRO000015' , 'SHP000003' , 'Quần tây' , 'NULL' , 'Quần tây cho dịp xuân về' , '49.99' , 0 , 0 , 1000 );
insert into PRODUCT_ values('PRO000016' , 'SHP000003' , 'Áo thun basic' , 'NULL' , 'Áo thun basic cho 
dịp xuân về' , '149.99' , 0 , 0 , 1000 );
insert into PRODUCT_ values('PRO000017' , 'SHP000003' , 'Áo khoác' , 'NULL' , 'Áo khoác cho dịp xuân về' , '199.99' , 0 , 0 , 1000 );
insert into PRODUCT_ values('PRO000018' , 'SHP000003' , 'Giày MLB Boston Red Sox' , 'NULL' , 'Giày MLB Boston Red Sox phân phối chính hãng' , '1999.99' , 0 , 0 , 1000 );
insert into PRODUCT_ values('PRO000019' , 'SHP000003' , 'Đầm' , 'NULL' , 'Đầm cho dịp xuân về' , '149.99' , 0 , 0 , 1000 );
insert into PRODUCT_ values('PRO000020' , 'SHP000003' , 'Quần short' , 'NULL' , 'Quần short cho dịp xuân về' , '99.99' , 0 , 0 , 1000 );
insert into PRODUCT_ values('PRO000001' , 'SHP000004' , 'Giày Adidas Tubular' , 'NULL' , 'Giày Adidas 
Tubular phân phối chính hãng' , '999.99' , 0 , 0 , 1000 );
insert into PRODUCT_ values('PRO000002' , 'SHP000004' , 'Giày MLB Boston Red Sox' , 'NULL' , 'Giày MLB Boston Red Sox phân phối chính hãng' , '1999.99' , 0 , 0 , 1000 );
insert into PRODUCT_ values('PRO000003' , 'SHP000004' , 'Giày Nike Jordan 1 High' , 'NULL' , 'Giày Nike Jordan 1 High phân phối chính hãng' , '2499.99' , 0 , 0 , 1000 );
insert into PRODUCT_ values('PRO000004' , 'SHP000004' , 'Đầm' , 'NULL' , 'Đầm cho dịp xuân về' , '149.99' , 0 , 0 , 1000 );
insert into PRODUCT_ values('PRO000005' , 'SHP000004' , 'Giày Adidas Ultraboots 5.0' , 'NULL' , 'Giày 
Adidas Ultraboots 5.0 phân phối chính hãng' , '1999.99' , 0 , 0 , 1000 );
insert into PRODUCT_ values('PRO000006' , 'SHP000004' , 'Áo polo' , 'NULL' , 'Áo polo cho dịp xuân về' , '149.99' , 0 , 0 , 1000 );
insert into PRODUCT_ values('PRO000007' , 'SHP000004' , 'Quần Jean' , 'NULL' , 'Quần Jean cho dịp xuân về' , '49.99' , 0 , 0 , 1000 );
insert into PRODUCT_ values('PRO000008' , 'SHP000004' , 'Áo sơmi' , 'NULL' , 'Áo sơmi cho dịp xuân về' , '249.99' , 0 , 0 , 1000 );
insert into PRODUCT_ values('PRO000009' , 'SHP000004' , 'Giày Nike Jordan 1 Low' , 'NULL' , 'Giày Nike Jordan 1 Low phân phối chính hãng' , '999.99' , 0 , 0 , 1000 );
insert into PRODUCT_ values('PRO000010' , 'SHP000004' , 'Áo khoác' , 'NULL' , 'Áo khoác cho dịp xuân về' , '199.99' , 0 , 0 , 1000 );
insert into PRODUCT_ values('PRO000011' , 'SHP000004' , 'Quần Khaki' , 'NULL' , 'Quần Khaki cho dịp xuân về' , '99.99' , 0 , 0 , 1000 );
insert into PRODUCT_ values('PRO000012' , 'SHP000004' , 'Giày Nike AF Dragon Para Noise' , 'NULL' , 'Giày Nike AF Dragon Para Noise phân phối chính hãng' , '1499.99' , 0 , 0 , 1000 );
insert into PRODUCT_ values('PRO000013' , 'SHP000004' , 'Giày Adidas Alphabounce' , 'NULL' , 'Giày Adidas Alphabounce phân phối chính hãng' , '499.99' , 0 , 0 , 1000 );
insert into PRODUCT_ values('PRO000014' , 'SHP000004' , 'Giày Adidas Yeezy 700 v2' , 'NULL' , 'Giày Adidas Yeezy 700 v2 phân phối chính hãng' , '1499.99' , 0 , 0 , 1000 );
insert into PRODUCT_ values('PRO000015' , 'SHP000004' , 'Giày Gucci NY Yankees' , 'NULL' , 'Giày Gucci NY Yankees phân phối chính hãng' , '1999.99' , 0 , 0 , 1000 );
insert into PRODUCT_ values('PRO000016' , 'SHP000004' , 'Áo thun basic' , 'NULL' , 'Áo thun basic cho 
dịp xuân về' , '149.99' , 0 , 0 , 1000 );
insert into PRODUCT_ values('PRO000017' , 'SHP000004' , 'Giày Nike Air Force 1' , 'NULL' , 'Giày Nike 
Air Force 1 phân phối chính hãng' , '1499.99' , 0 , 0 , 1000 );
insert into PRODUCT_ values('PRO000018' , 'SHP000004' , 'Áo dài truyền thống' , 'NULL' , 'Áo dài truyền thống cho dịp xuân về' , '149.99' , 0 , 0 , 1000 );
insert into PRODUCT_ values('PRO000019' , 'SHP000004' , 'Quần tây' , 'NULL' , 'Quần tây cho dịp xuân về' , '49.99' , 0 , 0 , 1000 );
insert into PRODUCT_ values('PRO000020' , 'SHP000004' , 'Quần short' , 'NULL' , 'Quần short cho dịp xuân về' , '99.99' , 0 , 0 , 1000 );
insert into PRODUCT_ values('PRO000001' , 'SHP000005' , 'Áo thun basic' , 'NULL' , 'Áo thun basic cho 
dịp xuân về' , '149.99' , 0 , 0 , 1000 );
insert into PRODUCT_ values('PRO000002' , 'SHP000005' , 'Quần tây' , 'NULL' , 'Quần tây cho dịp xuân về' , '49.99' , 0 , 0 , 1000 );
insert into PRODUCT_ values('PRO000003' , 'SHP000005' , 'Giày Adidas Tubular' , 'NULL' , 'Giày Adidas 
Tubular phân phối chính hãng' , '999.99' , 0 , 0 , 1000 );
insert into PRODUCT_ values('PRO000004' , 'SHP000005' , 'Giày Adidas Alphabounce' , 'NULL' , 'Giày Adidas Alphabounce phân phối chính hãng' , '499.99' , 0 , 0 , 1000 );
insert into PRODUCT_ values('PRO000005' , 'SHP000005' , 'Giày Nike Jordan 1 High' , 'NULL' , 'Giày Nike Jordan 1 High phân phối chính hãng' , '2499.99' , 0 , 0 , 1000 );
insert into PRODUCT_ values('PRO000006' , 'SHP000005' , 'Quần Jean' , 'NULL' , 'Quần Jean cho dịp xuân về' , '49.99' , 0 , 0 , 1000 );
insert into PRODUCT_ values('PRO000007' , 'SHP000005' , 'Giày MLB Boston Red Sox' , 'NULL' , 'Giày MLB Boston Red Sox phân phối chính hãng' , '1999.99' , 0 , 0 , 1000 );
insert into PRODUCT_ values('PRO000008' , 'SHP000005' , 'Giày Nike Jordan 1 Low' , 'NULL' , 'Giày Nike Jordan 1 Low phân phối chính hãng' , '999.99' , 0 , 0 , 1000 );
insert into PRODUCT_ values('PRO000009' , 'SHP000005' , 'Giày Adidas StanSmith' , 'NULL' , 'Giày Adidas StanSmith phân phối chính hãng' , '1499.99' , 0 , 0 , 1000 );
insert into PRODUCT_ values('PRO000010' , 'SHP000005' , 'Váy' , 'NULL' , 'Váy cho dịp xuân về' , '249.99' , 0 , 0 , 1000 );
insert into PRODUCT_ values('PRO000011' , 'SHP000005' , 'Áo khoác' , 'NULL' , 'Áo khoác cho dịp xuân về' , '199.99' , 0 , 0 , 1000 );
insert into PRODUCT_ values('PRO000012' , 'SHP000005' , 'Quần Khaki' , 'NULL' , 'Quần Khaki cho dịp xuân về' , '99.99' , 0 , 0 , 1000 );
insert into PRODUCT_ values('PRO000013' , 'SHP000005' , 'Giày Nike AF Dragon Para Noise' , 'NULL' , 'Giày Nike AF Dragon Para Noise phân phối chính hãng' , '1499.99' , 0 , 0 , 1000 );
insert into PRODUCT_ values('PRO000014' , 'SHP000005' , 'Áo sơmi' , 'NULL' , 'Áo sơmi cho dịp xuân về' , '249.99' , 0 , 0 , 1000 );
insert into PRODUCT_ values('PRO000015' , 'SHP000005' , 'Giày Gucci NY Yankees' , 'NULL' , 'Giày Gucci NY Yankees phân phối chính hãng' , '1999.99' , 0 , 0 , 1000 );
insert into PRODUCT_ values('PRO000016' , 'SHP000005' , 'Giày Nike Air Force 1' , 'NULL' , 'Giày Nike 
Air Force 1 phân phối chính hãng' , '1499.99' , 0 , 0 , 1000 );
insert into PRODUCT_ values('PRO000017' , 'SHP000005' , 'Giày Adidas Ultraboots 5.0' , 'NULL' , 'Giày 
Adidas Ultraboots 5.0 phân phối chính hãng' , '1999.99' , 0 , 0 , 1000 );
insert into PRODUCT_ values('PRO000018' , 'SHP000005' , 'Giày Adidas Yeezy 700 v2' , 'NULL' , 'Giày Adidas Yeezy 700 v2 phân phối chính hãng' , '1499.99' , 0 , 0 , 1000 );
insert into PRODUCT_ values('PRO000019' , 'SHP000005' , 'Quần short' , 'NULL' , 'Quần short cho dịp xuân về' , '99.99' , 0 , 0 , 1000 );
insert into PRODUCT_ values('PRO000020' , 'SHP000005' , 'Balenciaga Triple S' , 'NULL' , 'Balenciaga Triple S phân phối chính hãng' , '499.99' , 0 , 0 , 1000 );
insert into PRODUCT_ values('PRO000001' , 'SHP000006' , 'Quần Jean' , 'NULL' , 'Quần Jean cho dịp xuân về' , '49.99' , 0 , 0 , 1000 );
insert into PRODUCT_ values('PRO000002' , 'SHP000006' , 'Giày Adidas Yeezy 700 v2' , 'NULL' , 'Giày Adidas Yeezy 700 v2 phân phối chính hãng' , '1499.99' , 0 , 0 , 1000 );
insert into PRODUCT_ values('PRO000003' , 'SHP000006' , 'Áo polo' , 'NULL' , 'Áo polo cho dịp xuân về' , '149.99' , 0 , 0 , 1000 );
insert into PRODUCT_ values('PRO000004' , 'SHP000006' , 'Áo dài truyền thống' , 'NULL' , 'Áo dài truyền thống cho dịp xuân về' , '149.99' , 0 , 0 , 1000 );
insert into PRODUCT_ values('PRO000005' , 'SHP000006' , 'Áo thun basic' , 'NULL' , 'Áo thun basic cho 
dịp xuân về' , '149.99' , 0 , 0 , 1000 );
insert into PRODUCT_ values('PRO000006' , 'SHP000006' , 'Giày Adidas Tubular' , 'NULL' , 'Giày Adidas 
Tubular phân phối chính hãng' , '999.99' , 0 , 0 , 1000 );
insert into PRODUCT_ values('PRO000007' , 'SHP000006' , 'Áo khoác' , 'NULL' , 'Áo khoác cho dịp xuân về' , '199.99' , 0 , 0 , 1000 );
insert into PRODUCT_ values('PRO000008' , 'SHP000006' , 'Quần short' , 'NULL' , 'Quần short cho dịp xuân về' , '99.99' , 0 , 0 , 1000 );
insert into PRODUCT_ values('PRO000009' , 'SHP000006' , 'Giày Gucci NY Yankees' , 'NULL' , 'Giày Gucci NY Yankees phân phối chính hãng' , '1999.99' , 0 , 0 , 1000 );
insert into PRODUCT_ values('PRO000010' , 'SHP000006' , 'Giày Nike AF Dragon Para Noise' , 'NULL' , 'Giày Nike AF Dragon Para Noise phân phối chính hãng' , '1499.99' , 0 , 0 , 1000 );
insert into PRODUCT_ values('PRO000011' , 'SHP000006' , 'Váy' , 'NULL' , 'Váy cho dịp xuân về' , '249.99' , 0 , 0 , 1000 );
insert into PRODUCT_ values('PRO000012' , 'SHP000006' , 'Balenciaga Triple S' , 'NULL' , 'Balenciaga Triple S phân phối chính hãng' , '499.99' , 0 , 0 , 1000 );
insert into PRODUCT_ values('PRO000013' , 'SHP000006' , 'Quần Khaki' , 'NULL' , 'Quần Khaki cho dịp xuân về' , '99.99' , 0 , 0 , 1000 );
insert into PRODUCT_ values('PRO000014' , 'SHP000006' , 'Giày MLB Boston Red Sox' , 'NULL' , 'Giày MLB Boston Red Sox phân phối chính hãng' , '1999.99' , 0 , 0 , 1000 );
insert into PRODUCT_ values('PRO000015' , 'SHP000006' , 'Giày Nike Jordan 1 High' , 'NULL' , 'Giày Nike Jordan 1 High phân phối chính hãng' , '2499.99' , 0 , 0 , 1000 );
insert into PRODUCT_ values('PRO000016' , 'SHP000006' , 'Đầm' , 'NULL' , 'Đầm cho dịp xuân về' , '149.99' , 0 , 0 , 1000 );
insert into PRODUCT_ values('PRO000017' , 'SHP000006' , 'Giày Nike Jordan 1 Low' , 'NULL' , 'Giày Nike Jordan 1 Low phân phối chính hãng' , '999.99' , 0 , 0 , 1000 );
insert into PRODUCT_ values('PRO000018' , 'SHP000006' , 'Áo sơmi' , 'NULL' , 'Áo sơmi cho dịp xuân về' , '249.99' , 0 , 0 , 1000 );
insert into PRODUCT_ values('PRO000019' , 'SHP000006' , 'Giày Adidas Ultraboots 5.0' , 'NULL' , 'Giày 
Adidas Ultraboots 5.0 phân phối chính hãng' , '1999.99' , 0 , 0 , 1000 );
insert into PRODUCT_ values('PRO000020' , 'SHP000006' , 'Quần tây' , 'NULL' , 'Quần tây cho dịp xuân về' , '49.99' , 0 , 0 , 1000 );
insert into PRODUCT_ values('PRO000001' , 'SHP000007' , 'Giày Adidas Alphabounce' , 'NULL' , 'Giày Adidas Alphabounce phân phối chính hãng' , '499.99' , 0 , 0 , 1000 );
insert into PRODUCT_ values('PRO000002' , 'SHP000007' , 'Giày Adidas Ultraboots 5.0' , 'NULL' , 'Giày 
Adidas Ultraboots 5.0 phân phối chính hãng' , '1999.99' , 0 , 0 , 1000 );
insert into PRODUCT_ values('PRO000003' , 'SHP000007' , 'Quần Khaki' , 'NULL' , 'Quần Khaki cho dịp xuân về' , '99.99' , 0 , 0 , 1000 );
insert into PRODUCT_ values('PRO000004' , 'SHP000007' , 'Giày Adidas Tubular' , 'NULL' , 'Giày Adidas 
Tubular phân phối chính hãng' , '999.99' , 0 , 0 , 1000 );
insert into PRODUCT_ values('PRO000005' , 'SHP000007' , 'Giày MLB Boston Red Sox' , 'NULL' , 'Giày MLB Boston Red Sox phân phối chính hãng' , '1999.99' , 0 , 0 , 1000 );
insert into PRODUCT_ values('PRO000006' , 'SHP000007' , 'Quần tây' , 'NULL' , 'Quần tây cho dịp xuân về' , '49.99' , 0 , 0 , 1000 );
insert into PRODUCT_ values('PRO000007' , 'SHP000007' , 'Giày Nike Jordan 1 Low' , 'NULL' , 'Giày Nike Jordan 1 Low phân phối chính hãng' , '999.99' , 0 , 0 , 1000 );
insert into PRODUCT_ values('PRO000008' , 'SHP000007' , 'Giày Gucci NY Yankees' , 'NULL' , 'Giày Gucci NY Yankees phân phối chính hãng' , '1999.99' , 0 , 0 , 1000 );
insert into PRODUCT_ values('PRO000009' , 'SHP000007' , 'Áo dài truyền thống' , 'NULL' , 'Áo dài truyền thống cho dịp xuân về' , '149.99' , 0 , 0 , 1000 );
insert into PRODUCT_ values('PRO000010' , 'SHP000007' , 'Váy' , 'NULL' , 'Váy cho dịp xuân về' , '249.99' , 0 , 0 , 1000 );
insert into PRODUCT_ values('PRO000011' , 'SHP000007' , 'Giày Adidas Yeezy 700 v2' , 'NULL' , 'Giày Adidas Yeezy 700 v2 phân phối chính hãng' , '1499.99' , 0 , 0 , 1000 );
insert into PRODUCT_ values('PRO000012' , 'SHP000007' , 'Giày Nike AF Dragon Para Noise' , 'NULL' , 'Giày Nike AF Dragon Para Noise phân phối chính hãng' , '1499.99' , 0 , 0 , 1000 );
insert into PRODUCT_ values('PRO000013' , 'SHP000007' , 'Balenciaga Triple S' , 'NULL' , 'Balenciaga Triple S phân phối chính hãng' , '499.99' , 0 , 0 , 1000 );
insert into PRODUCT_ values('PRO000014' , 'SHP000007' , 'Đầm' , 'NULL' , 'Đầm cho dịp xuân về' , '149.99' , 0 , 0 , 1000 );
insert into PRODUCT_ values('PRO000015' , 'SHP000007' , 'Quần Jean' , 'NULL' , 'Quần Jean cho dịp xuân về' , '49.99' , 0 , 0 , 1000 );
insert into PRODUCT_ values('PRO000016' , 'SHP000007' , 'Giày Nike Jordan 1 High' , 'NULL' , 'Giày Nike Jordan 1 High phân phối chính hãng' , '2499.99' , 0 , 0 , 1000 );
insert into PRODUCT_ values('PRO000017' , 'SHP000007' , 'Áo khoác' , 'NULL' , 'Áo khoác cho dịp xuân về' , '199.99' , 0 , 0 , 1000 );
insert into PRODUCT_ values('PRO000018' , 'SHP000007' , 'Áo polo' , 'NULL' , 'Áo polo cho dịp xuân về' , '149.99' , 0 , 0 , 1000 );
insert into PRODUCT_ values('PRO000019' , 'SHP000007' , 'Áo thun basic' , 'NULL' , 'Áo thun basic cho 
dịp xuân về' , '149.99' , 0 , 0 , 1000 );
insert into PRODUCT_ values('PRO000020' , 'SHP000007' , 'Áo sơmi' , 'NULL' , 'Áo sơmi cho dịp xuân về' , '249.99' , 0 , 0 , 1000 );
insert into PRODUCT_ values('PRO000001' , 'SHP000008' , 'Giày Gucci NY Yankees' , 'NULL' , 'Giày Gucci NY Yankees phân phối chính hãng' , '1999.99' , 0 , 0 , 1000 );
insert into PRODUCT_ values('PRO000002' , 'SHP000008' , 'Đầm' , 'NULL' , 'Đầm cho dịp xuân về' , '149.99' , 0 , 0 , 1000 );
insert into PRODUCT_ values('PRO000003' , 'SHP000008' , 'Giày Adidas Ultraboots 5.0' , 'NULL' , 'Giày 
Adidas Ultraboots 5.0 phân phối chính hãng' , '1999.99' , 0 , 0 , 1000 );
insert into PRODUCT_ values('PRO000004' , 'SHP000008' , 'Balenciaga Triple S' , 'NULL' , 'Balenciaga Triple S phân phối chính hãng' , '499.99' , 0 , 0 , 1000 );
insert into PRODUCT_ values('PRO000005' , 'SHP000008' , 'Áo polo' , 'NULL' , 'Áo polo cho dịp xuân về' , '149.99' , 0 , 0 , 1000 );
insert into PRODUCT_ values('PRO000006' , 'SHP000008' , 'Quần short' , 'NULL' , 'Quần short cho dịp xuân về' , '99.99' , 0 , 0 , 1000 );
insert into PRODUCT_ values('PRO000007' , 'SHP000008' , 'Váy' , 'NULL' , 'Váy cho dịp xuân về' , '249.99' , 0 , 0 , 1000 );
insert into PRODUCT_ values('PRO000008' , 'SHP000008' , 'Giày Nike Air Force 1' , 'NULL' , 'Giày Nike 
Air Force 1 phân phối chính hãng' , '1499.99' , 0 , 0 , 1000 );
insert into PRODUCT_ values('PRO000009' , 'SHP000008' , 'Áo sơmi' , 'NULL' , 'Áo sơmi cho dịp xuân về' , '249.99' , 0 , 0 , 1000 );
insert into PRODUCT_ values('PRO000010' , 'SHP000008' , 'Giày Nike AF Dragon Para Noise' , 'NULL' , 'Giày Nike AF Dragon Para Noise phân phối chính hãng' , '1499.99' , 0 , 0 , 1000 );
insert into PRODUCT_ values('PRO000011' , 'SHP000008' , 'Áo thun basic' , 'NULL' , 'Áo thun basic cho 
dịp xuân về' , '149.99' , 0 , 0 , 1000 );
insert into PRODUCT_ values('PRO000012' , 'SHP000008' , 'Giày Adidas StanSmith' , 'NULL' , 'Giày Adidas StanSmith phân phối chính hãng' , '1499.99' , 0 , 0 , 1000 );
insert into PRODUCT_ values('PRO000013' , 'SHP000008' , 'Quần Khaki' , 'NULL' , 'Quần Khaki cho dịp xuân về' , '99.99' , 0 , 0 , 1000 );
insert into PRODUCT_ values('PRO000014' , 'SHP000008' , 'Quần tây' , 'NULL' , 'Quần tây cho dịp xuân về' , '49.99' , 0 , 0 , 1000 );
insert into PRODUCT_ values('PRO000015' , 'SHP000008' , 'Giày Adidas Tubular' , 'NULL' , 'Giày Adidas 
Tubular phân phối chính hãng' , '999.99' , 0 , 0 , 1000 );
insert into PRODUCT_ values('PRO000016' , 'SHP000008' , 'Quần Jean' , 'NULL' , 'Quần Jean cho dịp xuân về' , '49.99' , 0 , 0 , 1000 );
insert into PRODUCT_ values('PRO000017' , 'SHP000008' , 'Giày Nike Jordan 1 High' , 'NULL' , 'Giày Nike Jordan 1 High phân phối chính hãng' , '2499.99' , 0 , 0 , 1000 );
insert into PRODUCT_ values('PRO000018' , 'SHP000008' , 'Giày Adidas Yeezy 700 v2' , 'NULL' , 'Giày Adidas Yeezy 700 v2 phân phối chính hãng' , '1499.99' , 0 , 0 , 1000 );
insert into PRODUCT_ values('PRO000019' , 'SHP000008' , 'Áo dài truyền thống' , 'NULL' , 'Áo dài truyền thống cho dịp xuân về' , '149.99' , 0 , 0 , 1000 );
insert into PRODUCT_ values('PRO000020' , 'SHP000008' , 'Áo khoác' , 'NULL' , 'Áo khoác cho dịp xuân về' , '199.99' , 0 , 0 , 1000 );
insert into PRODUCT_ values('PRO000001' , 'SHP000009' , 'Váy' , 'NULL' , 'Váy cho dịp xuân về' , '249.99' , 0 , 0 , 1000 );
insert into PRODUCT_ values('PRO000002' , 'SHP000009' , 'Giày Adidas Tubular' , 'NULL' , 'Giày Adidas 
Tubular phân phối chính hãng' , '999.99' , 0 , 0 , 1000 );
insert into PRODUCT_ values('PRO000003' , 'SHP000009' , 'Giày Adidas Yeezy 700 v2' , 'NULL' , 'Giày Adidas Yeezy 700 v2 phân phối chính hãng' , '1499.99' , 0 , 0 , 1000 );
insert into PRODUCT_ values('PRO000004' , 'SHP000009' , 'Áo thun basic' , 'NULL' , 'Áo thun basic cho 
dịp xuân về' , '149.99' , 0 , 0 , 1000 );
insert into PRODUCT_ values('PRO000005' , 'SHP000009' , 'Áo khoác' , 'NULL' , 'Áo khoác cho dịp xuân về' , '199.99' , 0 , 0 , 1000 );
insert into PRODUCT_ values('PRO000006' , 'SHP000009' , 'Quần Khaki' , 'NULL' , 'Quần Khaki cho dịp xuân về' , '99.99' , 0 , 0 , 1000 );
insert into PRODUCT_ values('PRO000007' , 'SHP000009' , 'Đầm' , 'NULL' , 'Đầm cho dịp xuân về' , '149.99' , 0 , 0 , 1000 );
insert into PRODUCT_ values('PRO000008' , 'SHP000009' , 'Balenciaga Triple S' , 'NULL' , 'Balenciaga Triple S phân phối chính hãng' , '499.99' , 0 , 0 , 1000 );
insert into PRODUCT_ values('PRO000009' , 'SHP000009' , 'Giày MLB Boston Red Sox' , 'NULL' , 'Giày MLB Boston Red Sox phân phối chính hãng' , '1999.99' , 0 , 0 , 1000 );
insert into PRODUCT_ values('PRO000010' , 'SHP000009' , 'Áo dài truyền thống' , 'NULL' , 'Áo dài truyền thống cho dịp xuân về' , '149.99' , 0 , 0 , 1000 );  #ERROR duplicate--------------------------------------------
insert into PRODUCT_ values('PRO000011' , 'SHP000009' , 'Giày Adidas Ultraboots 5.0' , 'NULL' , 'Giày 
Adidas Ultraboots 5.0 phân phối chính hãng' , '1999.99' , 0 , 0 , 1000 );
insert into PRODUCT_ values('PRO000012' , 'SHP000009' , 'Áo polo' , 'NULL' , 'Áo polo cho dịp xuân về' , '149.99' , 0 , 0 , 1000 );
insert into PRODUCT_ values('PRO000013' , 'SHP000009' , 'Giày Nike Air Force 1' , 'NULL' , 'Giày Nike 
Air Force 1 phân phối chính hãng' , '1499.99' , 0 , 0 , 1000 );
insert into PRODUCT_ values('PRO000014' , 'SHP000009' , 'Giày Nike Jordan 1 High' , 'NULL' , 'Giày Nike Jordan 1 High phân phối chính hãng' , '2499.99' , 0 , 0 , 1000 );
insert into PRODUCT_ values('PRO000015' , 'SHP000009' , 'Giày Gucci NY Yankees' , 'NULL' , 'Giày Gucci NY Yankees phân phối chính hãng' , '1999.99' , 0 , 0 , 1000 );
insert into PRODUCT_ values('PRO000016' , 'SHP000009' , 'Quần tây' , 'NULL' , 'Quần tây cho dịp xuân về' , '49.99' , 0 , 0 , 1000 );
insert into PRODUCT_ values('PRO000017' , 'SHP000009' , 'Áo sơmi' , 'NULL' , 'Áo sơmi cho dịp xuân về' , '249.99' , 0 , 0 , 1000 );
insert into PRODUCT_ values('PRO000018' , 'SHP000009' , 'Giày Nike AF Dragon Para Noise' , 'NULL' , 'Giày Nike AF Dragon Para Noise phân phối chính hãng' , '1499.99' , 0 , 0 , 1000 );
insert into PRODUCT_ values('PRO000019' , 'SHP000009' , 'Giày Adidas StanSmith' , 'NULL' , 'Giày Adidas StanSmith phân phối chính hãng' , '1499.99' , 0 , 0 , 1000 );
insert into PRODUCT_ values('PRO000020' , 'SHP000009' , 'Quần short' , 'NULL' , 'Quần short cho dịp xuân về' , '99.99' , 0 , 0 , 1000 );
insert into PRODUCT_ values('PRO000001' , 'SHP000010' , 'Quần tây' , 'NULL' , 'Quần tây cho dịp xuân về' , '49.99' , 0 , 0 , 1000 );
insert into PRODUCT_ values('PRO000002' , 'SHP000010' , 'Giày Gucci NY Yankees' , 'NULL' , 'Giày Gucci NY Yankees phân phối chính hãng' , '1999.99' , 0 , 0 , 1000 );
insert into PRODUCT_ values('PRO000003' , 'SHP000010' , 'Áo polo' , 'NULL' , 'Áo polo cho dịp xuân về' , '149.99' , 0 , 0 , 1000 );
insert into PRODUCT_ values('PRO000004' , 'SHP000010' , 'Áo dài truyền thống' , 'NULL' , 'Áo dài truyền thống cho dịp xuân về' , '149.99' , 0 , 0 , 1000 );
insert into PRODUCT_ values('PRO000005' , 'SHP000010' , 'Quần Jean' , 'NULL' , 'Quần Jean cho dịp xuân về' , '49.99' , 0 , 0 , 1000 );
insert into PRODUCT_ values('PRO000006' , 'SHP000010' , 'Quần Khaki' , 'NULL' , 'Quần Khaki cho dịp xuân về' , '99.99' , 0 , 0 , 1000 );
insert into PRODUCT_ values('PRO000007' , 'SHP000010' , 'Giày Nike AF Dragon Para Noise' , 'NULL' , 'Giày Nike AF Dragon Para Noise phân phối chính hãng' , '1499.99' , 0 , 0 , 1000 );
insert into PRODUCT_ values('PRO000008' , 'SHP000010' , 'Balenciaga Triple S' , 'NULL' , 'Balenciaga Triple S phân phối chính hãng' , '499.99' , 0 , 0 , 1000 );
insert into PRODUCT_ values('PRO000009' , 'SHP000010' , 'Áo sơmi' , 'NULL' , 'Áo sơmi cho dịp xuân về' , '249.99' , 0 , 0 , 1000 );
insert into PRODUCT_ values('PRO000010' , 'SHP000010' , 'Giày Adidas Yeezy 700 v2' , 'NULL' , 'Giày Adidas Yeezy 700 v2 phân phối chính hãng' , '1499.99' , 0 , 0 , 1000 );
insert into PRODUCT_ values('PRO000011' , 'SHP000010' , 'Giày Nike Air Force 1' , 'NULL' , 'Giày Nike Air Force 1 phân phối chính hãng' , '1499.99' , 0 , 0 , 1000 );
insert into PRODUCT_ values('PRO000012' , 'SHP000010' , 'Váy' , 'NULL' , 'Váy cho dịp xuân về' , '249.99' , 0 , 0 , 1000 );
insert into PRODUCT_ values('PRO000013' , 'SHP000010' , 'Giày Adidas Alphabounce' , 'NULL' , 'Giày Adidas Alphabounce phân phối chính hãng' , '499.99' , 0 , 0 , 1000 );
insert into PRODUCT_ values('PRO000014' , 'SHP000010' , 'Giày Adidas Tubular' , 'NULL' , 'Giày Adidas Tubular phân phối chính hãng' , '999.99' , 0 , 0 , 1000 );
insert into PRODUCT_ values('PRO000015' , 'SHP000010' , 'Áo khoác' , 'NULL' , 'Áo khoác cho dịp xuân về' , '199.99' , 0 , 0 , 1000 );
insert into PRODUCT_ values('PRO000016' , 'SHP000010' , 'Giày Adidas StanSmith' , 'NULL' , 'Giày Adidas StanSmith phân phối chính hãng' , '1499.99' , 0 , 0 , 1000 );
insert into PRODUCT_ values('PRO000017' , 'SHP000010' , 'Quần short' , 'NULL' , 'Quần short cho dịp xuân về' , '99.99' , 0 , 0 , 1000 );
insert into PRODUCT_ values('PRO000018' , 'SHP000010' , 'Giày Adidas Ultraboots 5.0' , 'NULL' , 'Giày Adidas Ultraboots 5.0 phân phối chính hãng' , '1999.99' , 0 , 0 , 1000 );
insert into PRODUCT_ values('PRO000019' , 'SHP000010' , 'Giày Nike Jordan 1 High' , 'NULL' , 'Giày Nike Jordan 1 High phân phối chính hãng' , '2499.99' , 0 , 0 , 1000 );
insert into PRODUCT_ values('PRO000020' , 'SHP000010' , 'Giày MLB Boston Red Sox' , 'NULL' , 'Giày MLB Boston Red Sox phân phối chính hãng' , '1999.99' , 0 , 0 , 1000 );



#PRODUCT_
insert into PRODUCT_ values('PRO000001' , 'SHP000011' , 'Dưa hấu Mai An Tiêm' , 'NULL' , 'Dưa hấu An Tiêm, Ngọt tới tận tim' , '1.99' , 0 , 0 , 1000 );
insert into PRODUCT_ values('PRO000002' , 'SHP000011' , 'Bưởi Năm Roi' , 'NULL' , 'Bưởi ngon, to, tròn' , '5.99' , 0 , 0 , 1000 );
insert into PRODUCT_ values('PRO000003' , 'SHP000011' , 'Sầu riêng Ri6' , 'NULL' , 'Sầu riêng Ri6, chính hiệu từ ông Sáu Ri' , '149.99' , 0 , 0 , 1000 );
insert into PRODUCT_ values('PRO000004' , 'SHP000011' , 'Quýt Cái Bè' , 'NULL' , 'Nổi tiếng ngọt ngây, ăn vào nhớ mãi miền Tây' , '249.99' , 0 , 0 , 1000 );
insert into PRODUCT_ values('PRO000005' , 'SHP000011' , 'Chanh bông tím' , 'NULL' , 'Chanh bông tím nhưng trái vẫn xanh, nhiều nước, chua' , '199.99' , 0 , 0 , 1000 );
insert into PRODUCT_ values('PRO000006' , 'SHP000011' , 'Áo dài truyền thống' , 'NULL' , 'Áo dài truyền thống cho dịp xuân về' , '149.99' , 0 , 0 , 1000 );
insert into PRODUCT_ values('PRO000007' , 'SHP000011' , 'Quần Khaki' , 'NULL' , 'Quần Khaki cho dịp xuân về' , '99.99' , 0 , 0 , 1000 );
insert into PRODUCT_ values('PRO000008' , 'SHP000011' , 'Áo thun basic' , 'NULL' , 'Áo thun basic cho 
dịp xuân về' , '149.99' , 0 , 0 , 1000 );
insert into PRODUCT_ values('PRO000009' , 'SHP000011' , 'Giày Adidas Alphabounce' , 'NULL' , 'Giày Adidas Alphabounce phân phối chính hãng' , '499.99' , 0 , 0 , 1000 );
insert into PRODUCT_ values('PRO000010' , 'SHP000011' , 'Áo polo' , 'NULL' , 'Áo polo cho dịp xuân về' , '149.99' , 0 , 0 , 1000 );
insert into PRODUCT_ values('PRO000011' , 'SHP000011' , 'Giày Gucci NY Yankees' , 'NULL' , 'Giày Gucci NY Yankees phân phối chính hãng' , '1999.99' , 0 , 0 , 1000 );
insert into PRODUCT_ values('PRO000012' , 'SHP000011' , 'Giày MLB Boston Red Sox' , 'NULL' , 'Giày MLB Boston Red Sox phân phối chính hãng' , '1999.99' , 0 , 0 , 1000 );
insert into PRODUCT_ values('PRO000013' , 'SHP000011' , 'Giày Adidas Tubular' , 'NULL' , 'Giày Adidas 
Tubular phân phối chính hãng' , '999.99' , 0 , 0 , 1000 );
insert into PRODUCT_ values('PRO000014' , 'SHP000011' , 'Balenciaga Triple S' , 'NULL' , 'Balenciaga Triple S phân phối chính hãng' , '499.99' , 0 , 0 , 1000 );
insert into PRODUCT_ values('PRO000015' , 'SHP000011' , 'Giày Adidas StanSmith' , 'NULL' , 'Giày Adidas StanSmith phân phối chính hãng' , '1499.99' , 0 , 0 , 1000 );
insert into PRODUCT_ values('PRO000016' , 'SHP000011' , 'Quần Jean' , 'NULL' , 'Quần Jean cho dịp xuân về' , '49.99' , 0 , 0 , 1000 );
insert into PRODUCT_ values('PRO000017' , 'SHP000011' , 'Quần tây' , 'NULL' , 'Quần tây cho dịp xuân về' , '49.99' , 0 , 0 , 1000 );
insert into PRODUCT_ values('PRO000018' , 'SHP000011' , 'Quần short' , 'NULL' , 'Quần short cho dịp xuân về' , '99.99' , 0 , 0 , 1000 );
insert into PRODUCT_ values('PRO000019' , 'SHP000011' , 'Giày Nike AF Dragon Para Noise' , 'NULL' , 'Giày Nike AF Dragon Para Noise phân phối chính hãng' , '1499.99' , 0 , 0 , 1000 );
insert into PRODUCT_ values('PRO000020' , 'SHP000011' , 'Áo sơmi' , 'NULL' , 'Áo sơmi cho dịp xuân về' , '249.99' , 0 , 0 , 1000 );
insert into PRODUCT_ values('PRO000001' , 'SHP000012' , 'Quần short' , 'NULL' , 'Quần short cho dịp xuân về' , '99.99' , 0 , 0 , 1000 );
insert into PRODUCT_ values('PRO000002' , 'SHP000012' , 'Giày MLB Boston Red Sox' , 'NULL' , 'Giày MLB Boston Red Sox phân phối chính hãng' , '1999.99' , 0 , 0 , 1000 );
insert into PRODUCT_ values('PRO000003' , 'SHP000012' , 'Giày Nike AF Dragon Para Noise' , 'NULL' , 'Giày Nike AF Dragon Para Noise phân phối chính hãng' , '1499.99' , 0 , 0 , 1000 );
insert into PRODUCT_ values('PRO000004' , 'SHP000012' , 'Giày Nike Jordan 1 High' , 'NULL' , 'Giày Nike Jordan 1 High phân phối chính hãng' , '2499.99' , 0 , 0 , 1000 );
insert into PRODUCT_ values('PRO000005' , 'SHP000012' , 'Giày Adidas Tubular' , 'NULL' , 'Giày Adidas 
Tubular phân phối chính hãng' , '999.99' , 0 , 0 , 1000 );
insert into PRODUCT_ values('PRO000006' , 'SHP000012' , 'Hoa Hồng Tỉ Muôi' , 'NULL' , 'Hồng Tỉ Muội Đà Lạt siêu xinh' , '199.99' , 0 , 0 , 1000 );
insert into PRODUCT_ values('PRO000007' , 'SHP000012' , 'Hoa Cẩm Chướng' , 'NULL' , 'Một chậu cẩm chướng siêu cute, giá ưu đãi' , '99.99' , 0 , 0 , 1000 );
insert into PRODUCT_ values('PRO000008' , 'SHP000012' , 'Hoa Phi Yến' , 'NULL' , 'Hoa Phi Yến làm cảnh, cắm hoa, decor sự kiện' , '149.99' , 0 , 0 , 1000 );
insert into PRODUCT_ values('PRO000009' , 'SHP000012' , 'Hoa Cẩm Tú' , 'NULL' , 'Cẩm Tú đủ màu' , '49.99' , 0 , 0 , 1000 );
insert into PRODUCT_ values('PRO000010' , 'SHP000012' , 'Hoa Tulip' , 'NULL' , 'Hoa Tulip nhập từ Hà Lan, cam kết chính hãng' , '49.99' , 0 , 0 , 1000 );
insert into PRODUCT_ values('PRO000011' , 'SHP000012' , 'Giày Nike Air Force 1' , 'NULL' , 'Giày Nike 
Air Force 1 phân phối chính hãng' , '1499.99' , 0 , 0 , 1000 );
insert into PRODUCT_ values('PRO000012' , 'SHP000012' , 'Giày Adidas Ultraboots 5.0' , 'NULL' , 'Giày 
Adidas Ultraboots 5.0 phân phối chính hãng' , '1999.99' , 0 , 0 , 1000 );
insert into PRODUCT_ values('PRO000013' , 'SHP000012' , 'Áo thun basic' , 'NULL' , 'Áo thun basic cho 
dịp xuân về' , '149.99' , 0 , 0 , 1000 );
insert into PRODUCT_ values('PRO000014' , 'SHP000012' , 'Giày Nike Jordan 1 Low' , 'NULL' , 'Giày Nike Jordan 1 Low phân phối chính hãng' , '999.99' , 0 , 0 , 1000 );
insert into PRODUCT_ values('PRO000015' , 'SHP000012' , 'Giày Adidas Alphabounce' , 'NULL' , 'Giày Adidas Alphabounce phân phối chính hãng' , '499.99' , 0 , 0 , 1000 );
insert into PRODUCT_ values('PRO000016' , 'SHP000012' , 'Váy' , 'NULL' , 'Váy cho dịp xuân về' , '249.99' , 0 , 0 , 1000 );
insert into PRODUCT_ values('PRO000017' , 'SHP000012' , 'Giày Adidas Yeezy 700 v2' , 'NULL' , 'Giày Adidas Yeezy 700 v2 phân phối chính hãng' , '1499.99' , 0 , 0 , 1000 );
insert into PRODUCT_ values('PRO000018' , 'SHP000012' , 'Áo sơmi' , 'NULL' , 'Áo sơmi cho dịp xuân về' , '249.99' , 0 , 0 , 1000 );
insert into PRODUCT_ values('PRO000019' , 'SHP000012' , 'Giày Adidas StanSmith' , 'NULL' , 'Giày Adidas StanSmith phân phối chính hãng' , '1499.99' , 0 , 0 , 1000 );
insert into PRODUCT_ values('PRO000020' , 'SHP000012' , 'Giày Gucci NY Yankees' , 'NULL' , 'Giày Gucci NY Yankees phân phối chính hãng' , '1999.99' , 0 , 0 , 1000 );
insert into PRODUCT_ values('PRO000001' , 'SHP000013' , 'Giày Nike AF Dragon Para Noise' , 'NULL' , 'Giày Nike AF Dragon Para Noise phân phối chính hãng' , '1499.99' , 0 , 0 , 1000 );
insert into PRODUCT_ values('PRO000002' , 'SHP000013' , 'Giày Nike Jordan 1 High' , 'NULL' , 'Giày Nike Jordan 1 High phân phối chính hãng' , '2499.99' , 0 , 0 , 1000 );
insert into PRODUCT_ values('PRO000003' , 'SHP000013' , 'Giày Adidas Yeezy 700 v2' , 'NULL' , 'Giày Adidas Yeezy 700 v2 phân phối chính hãng' , '1499.99' , 0 , 0 , 1000 );
insert into PRODUCT_ values('PRO000004' , 'SHP000013' , 'Áo sơmi' , 'NULL' , 'Áo sơmi cho dịp xuân về' , '249.99' , 0 , 0 , 1000 );
insert into PRODUCT_ values('PRO000005' , 'SHP000013' , 'Balenciaga Triple S' , 'NULL' , 'Balenciaga Triple S phân phối chính hãng' , '499.99' , 0 , 0 , 1000 );
insert into PRODUCT_ values('PRO000006' , 'SHP000013' , 'Giày Nike Air Force 1' , 'NULL' , 'Giày Nike 
Air Force 1 phân phối chính hãng' , '1499.99' , 0 , 0 , 1000 );
insert into PRODUCT_ values('PRO000007' , 'SHP000013' , 'Giày Adidas Ultraboots 5.0' , 'NULL' , 'Giày 
Adidas Ultraboots 5.0 phân phối chính hãng' , '1999.99' , 0 , 0 , 1000 );
insert into PRODUCT_ values('PRO000008' , 'SHP000013' , 'Quần Khaki' , 'NULL' , 'Quần Khaki cho dịp xuân về' , '99.99' , 0 , 0 , 1000 );
insert into PRODUCT_ values('PRO000009' , 'SHP000013' , 'Áo polo' , 'NULL' , 'Áo polo cho dịp xuân về' , '149.99' , 0 , 0 , 1000 );
insert into PRODUCT_ values('PRO000010' , 'SHP000013' , 'Giày Adidas Alphabounce' , 'NULL' , 'Giày Adidas Alphabounce phân phối chính hãng' , '499.99' , 0 , 0 , 1000 );
insert into PRODUCT_ values('PRO000011' , 'SHP000013' , 'Giày Adidas Tubular' , 'NULL' , 'Giày Adidas 
Tubular phân phối chính hãng' , '999.99' , 0 , 0 , 1000 );
insert into PRODUCT_ values('PRO000012' , 'SHP000013' , 'Giày Adidas StanSmith' , 'NULL' , 'Giày Adidas StanSmith phân phối chính hãng' , '1499.99' , 0 , 0 , 1000 );
insert into PRODUCT_ values('PRO000013' , 'SHP000013' , 'Giày Nike' , 'NULL' , 'Giày Nike fake, giá rẻ' , '49.99' , 0 , 0 , 1000 );
insert into PRODUCT_ values('PRO000014' , 'SHP000013' , 'Giày thể thao UniSport' , 'NULL' , 'Giày thể thao xịn, thoáng mát' , '249.99' , 0 , 0 , 1000 );
insert into PRODUCT_ values('PRO000015' , 'SHP000013' , 'Giày cao gót BSD' , 'NULL' , 'GIày cao gót cao cấp' , '49.99' , 0 , 0 , 1000 );
insert into PRODUCT_ values('PRO000016' , 'SHP000013' , 'Áo thun basic' , 'NULL' , 'Áo thun basic cho 
dịp xuân về' , '149.99' , 0 , 0 , 1000 );
insert into PRODUCT_ values('PRO000017' , 'SHP000013' , 'Áo khoác' , 'NULL' , 'Áo khoác cho dịp xuân về' , '199.99' , 0 , 0 , 1000 );
insert into PRODUCT_ values('PRO000018' , 'SHP000013' , 'Giày MLB Boston Red Sox' , 'NULL' , 'Giày MLB Boston Red Sox phân phối chính hãng' , '1999.99' , 0 , 0 , 1000 );
insert into PRODUCT_ values('PRO000019' , 'SHP000013' , 'Đầm' , 'NULL' , 'Đầm cho dịp xuân về' , '149.99' , 0 , 0 , 1000 );
insert into PRODUCT_ values('PRO000020' , 'SHP000013' , 'Quần short' , 'NULL' , 'Quần short cho dịp xuân về' , '99.99' , 0 , 0 , 1000 );
insert into PRODUCT_ values('PRO000001' , 'SHP000014' , 'Giày Adidas Tubular' , 'NULL' , 'Giày Adidas 
Tubular phân phối chính hãng' , '999.99' , 0 , 0 , 1000 );
insert into PRODUCT_ values('PRO000002' , 'SHP000014' , 'Giày MLB Boston Red Sox' , 'NULL' , 'Giày MLB Boston Red Sox phân phối chính hãng' , '1999.99' , 0 , 0 , 1000 );
insert into PRODUCT_ values('PRO000003' , 'SHP000014' , 'Giày Nike Jordan 1 High' , 'NULL' , 'Giày Nike Jordan 1 High phân phối chính hãng' , '2499.99' , 0 , 0 , 1000 );
insert into PRODUCT_ values('PRO000004' , 'SHP000014' , 'Đầm' , 'NULL' , 'Đầm cho dịp xuân về' , '149.99' , 0 , 0 , 1000 );
insert into PRODUCT_ values('PRO000005' , 'SHP000014' , 'Giày Adidas Ultraboots 5.0' , 'NULL' , 'Giày 
Adidas Ultraboots 5.0 phân phối chính hãng' , '1999.99' , 0 , 0 , 1000 );
insert into PRODUCT_ values('PRO000006' , 'SHP000014' , 'Áo polo' , 'NULL' , 'Áo polo cho dịp xuân về' , '149.99' , 0 , 0 , 1000 );
insert into PRODUCT_ values('PRO000007' , 'SHP000014' , 'Quần Jean' , 'NULL' , 'Quần Jean cho dịp xuân về' , '49.99' , 0 , 0 , 1000 );
insert into PRODUCT_ values('PRO000008' , 'SHP000014' , 'Áo sơmi' , 'NULL' , 'Áo sơmi cho dịp xuân về' , '249.99' , 0 , 0 , 1000 );
insert into PRODUCT_ values('PRO000009' , 'SHP000014' , 'Giày Nike Jordan 1 Low' , 'NULL' , 'Giày Nike Jordan 1 Low phân phối chính hãng' , '999.99' , 0 , 0 , 1000 );
insert into PRODUCT_ values('PRO000010' , 'SHP000014' , 'Áo khoác' , 'NULL' , 'Áo khoác cho dịp xuân về' , '199.99' , 0 , 0 , 1000 );
insert into PRODUCT_ values('PRO000011' , 'SHP000014' , 'Quần Khaki' , 'NULL' , 'Quần Khaki cho dịp xuân về' , '99.99' , 0 , 0 , 1000 );
insert into PRODUCT_ values('PRO000012' , 'SHP000014' , 'Giày Nike AF Dragon Para Noise' , 'NULL' , 'Giày Nike AF Dragon Para Noise phân phối chính hãng' , '1499.99' , 0 , 0 , 1000 );
insert into PRODUCT_ values('PRO000013' , 'SHP000014' , 'Giày Adidas Alphabounce' , 'NULL' , 'Giày Adidas Alphabounce phân phối chính hãng' , '499.99' , 0 , 0 , 1000 );
insert into PRODUCT_ values('PRO000014' , 'SHP000014' , 'Giày Adidas Yeezy 700 v2' , 'NULL' , 'Giày Adidas Yeezy 700 v2 phân phối chính hãng' , '1499.99' , 0 , 0 , 1000 );
insert into PRODUCT_ values('PRO000015' , 'SHP000014' , 'Giày Gucci NY Yankees' , 'NULL' , 'Giày Gucci NY Yankees phân phối chính hãng' , '1999.99' , 0 , 0 , 1000 );
insert into PRODUCT_ values('PRO000016' , 'SHP000014' , 'Giày Gucci NY Yankees' , 'NULL' , 'Giày Gucci NY Yankees cho 
dịp xuân về' , '149.99' , 0 , 0 , 1000 );
insert into PRODUCT_ values('PRO000017' , 'SHP000014' , 'Giày Nike Air Force 1' , 'NULL' , 'Giày Nike 
Air Force 1 phân phối chính hãng' , '1499.99' , 0 , 0 , 1000 );
insert into PRODUCT_ values('PRO000018' , 'SHP000014' , 'Áo dài truyền thống' , 'NULL' , 'Áo dài truyền thống cho dịp xuân về' , '149.99' , 0 , 0 , 1000 );
insert into PRODUCT_ values('PRO000019' , 'SHP000014' , 'Quần tây' , 'NULL' , 'Quần tây cho dịp xuân về' , '49.99' , 0 , 0 , 1000 );
insert into PRODUCT_ values('PRO000020' , 'SHP000014' , 'Quần short' , 'NULL' , 'Quần short cho dịp xuân về' , '99.99' , 0 , 0 , 1000 );
insert into PRODUCT_ values('PRO000001' , 'SHP000015' , 'Áo thun basic' , 'NULL' , 'Áo thun basic cho 
dịp xuân về' , '149.99' , 0 , 0 , 1000 );
insert into PRODUCT_ values('PRO000002' , 'SHP000015' , 'Quần tây' , 'NULL' , 'Quần tây cho dịp xuân về' , '49.99' , 0 , 0 , 1000 );
insert into PRODUCT_ values('PRO000003' , 'SHP000015' , 'Giày Adidas Tubular' , 'NULL' , 'Giày Adidas 
Tubular phân phối chính hãng' , '999.99' , 0 , 0 , 1000 );
insert into PRODUCT_ values('PRO000004' , 'SHP000015' , 'Giày Adidas Alphabounce' , 'NULL' , 'Giày Adidas Alphabounce phân phối chính hãng' , '499.99' , 0 , 0 , 1000 );
insert into PRODUCT_ values('PRO000005' , 'SHP000015' , 'Giày Nike Jordan 1 High' , 'NULL' , 'Giày Nike Jordan 1 High phân phối chính hãng' , '2499.99' , 0 , 0 , 1000 );
insert into PRODUCT_ values('PRO000006' , 'SHP000015' , 'Quần Jean' , 'NULL' , 'Quần Jean cho dịp xuân về' , '49.99' , 0 , 0 , 1000 );
insert into PRODUCT_ values('PRO000007' , 'SHP000015' , 'Giày MLB Boston Red Sox' , 'NULL' , 'Giày MLB Boston Red Sox phân phối chính hãng' , '1999.99' , 0 , 0 , 1000 );
insert into PRODUCT_ values('PRO000008' , 'SHP000015' , 'Giày Nike Jordan 1 Low' , 'NULL' , 'Giày Nike Jordan 1 Low phân phối chính hãng' , '999.99' , 0 , 0 , 1000 );
insert into PRODUCT_ values('PRO000009' , 'SHP000015' , 'Giày Adidas StanSmith' , 'NULL' , 'Giày Adidas StanSmith phân phối chính hãng' , '1499.99' , 0 , 0 , 1000 );
insert into PRODUCT_ values('PRO000010' , 'SHP000015' , 'Váy' , 'NULL' , 'Váy cho dịp xuân về' , '249.99' , 0 , 0 , 1000 );
insert into PRODUCT_ values('PRO000011' , 'SHP000015' , 'Áo khoác' , 'NULL' , 'Áo khoác cho dịp xuân về' , '199.99' , 0 , 0 , 1000 );
insert into PRODUCT_ values('PRO000012' , 'SHP000015' , 'Quần Khaki' , 'NULL' , 'Quần Khaki cho dịp xuân về' , '99.99' , 0 , 0 , 1000 );
insert into PRODUCT_ values('PRO000013' , 'SHP000015' , 'Giày Nike AF Dragon Para Noise' , 'NULL' , 'Giày Nike AF Dragon Para Noise phân phối chính hãng' , '1499.99' , 0 , 0 , 1000 );
insert into PRODUCT_ values('PRO000014' , 'SHP000015' , 'Áo sơmi' , 'NULL' , 'Áo sơmi cho dịp xuân về' , '249.99' , 0 , 0 , 1000 );
insert into PRODUCT_ values('PRO000015' , 'SHP000015' , 'Giày Gucci NY Yankees' , 'NULL' , 'Giày Gucci NY Yankees phân phối chính hãng' , '1999.99' , 0 , 0 , 1000 );
insert into PRODUCT_ values('PRO000016' , 'SHP000015' , 'Giày Nike Air Force 1' , 'NULL' , 'Giày Nike 
Air Force 1 phân phối chính hãng' , '1499.99' , 0 , 0 , 1000 );
insert into PRODUCT_ values('PRO000017' , 'SHP000015' , 'Giày Adidas Ultraboots 5.0' , 'NULL' , 'Giày 
Adidas Ultraboots 5.0 phân phối chính hãng' , '1999.99' , 0 , 0 , 1000 );
insert into PRODUCT_ values('PRO000018' , 'SHP000015' , 'Giày Adidas Yeezy 700 v2' , 'NULL' , 'Giày Adidas Yeezy 700 v2 phân phối chính hãng' , '1499.99' , 0 , 0 , 1000 );
insert into PRODUCT_ values('PRO000019' , 'SHP000015' , 'Quần short' , 'NULL' , 'Quần short cho dịp xuân về' , '99.99' , 0 , 0 , 1000 );
insert into PRODUCT_ values('PRO000020' , 'SHP000015' , 'Balenciaga Triple S' , 'NULL' , 'Balenciaga Triple S phân phối chính hãng' , '499.99' , 0 , 0 , 1000 );
insert into PRODUCT_ values('PRO000001' , 'SHP000016' , 'Quần Jean' , 'NULL' , 'Quần Jean cho dịp xuân về' , '49.99' , 0 , 0 , 1000 );
insert into PRODUCT_ values('PRO000002' , 'SHP000016' , 'Giày Adidas Yeezy 700 v2' , 'NULL' , 'Giày Adidas Yeezy 700 v2 phân phối chính hãng' , '1499.99' , 0 , 0 , 1000 );
insert into PRODUCT_ values('PRO000003' , 'SHP000016' , 'Áo polo' , 'NULL' , 'Áo polo cho dịp xuân về' , '149.99' , 0 , 0 , 1000 );
insert into PRODUCT_ values('PRO000004' , 'SHP000016' , 'Áo dài truyền thống' , 'NULL' , 'Áo dài truyền thống cho dịp xuân về' , '149.99' , 0 , 0 , 1000 );
insert into PRODUCT_ values('PRO000005' , 'SHP000016' , 'Áo thun basic' , 'NULL' , 'Áo thun basic cho 
dịp xuân về' , '149.99' , 0 , 0 , 1000 );
insert into PRODUCT_ values('PRO000006' , 'SHP000016' , 'Giày Adidas Tubular' , 'NULL' , 'Giày Adidas 
Tubular phân phối chính hãng' , '999.99' , 0 , 0 , 1000 );
insert into PRODUCT_ values('PRO000007' , 'SHP000016' , 'Áo khoác' , 'NULL' , 'Áo khoác cho dịp xuân về' , '199.99' , 0 , 0 , 1000 );
insert into PRODUCT_ values('PRO000008' , 'SHP000016' , 'Quần short' , 'NULL' , 'Quần short cho dịp xuân về' , '99.99' , 0 , 0 , 1000 );
insert into PRODUCT_ values('PRO000009' , 'SHP000016' , 'Giày Gucci NY Yankees' , 'NULL' , 'Giày Gucci NY Yankees phân phối chính hãng' , '1999.99' , 0 , 0 , 1000 );
insert into PRODUCT_ values('PRO000010' , 'SHP000016' , 'Giày Nike AF Dragon Para Noise' , 'NULL' , 'Giày Nike AF Dragon Para Noise phân phối chính hãng' , '1499.99' , 0 , 0 , 1000 );
insert into PRODUCT_ values('PRO000011' , 'SHP000016' , 'Váy' , 'NULL' , 'Váy cho dịp xuân về' , '249.99' , 0 , 0 , 1000 );
insert into PRODUCT_ values('PRO000012' , 'SHP000016' , 'Balenciaga Triple S' , 'NULL' , 'Balenciaga Triple S phân phối chính hãng' , '499.99' , 0 , 0 , 1000 );
insert into PRODUCT_ values('PRO000013' , 'SHP000016' , 'Quần Khaki' , 'NULL' , 'Quần Khaki cho dịp xuân về' , '99.99' , 0 , 0 , 1000 );
insert into PRODUCT_ values('PRO000014' , 'SHP000016' , 'Giày MLB Boston Red Sox' , 'NULL' , 'Giày MLB Boston Red Sox phân phối chính hãng' , '1999.99' , 0 , 0 , 1000 );
insert into PRODUCT_ values('PRO000015' , 'SHP000016' , 'Giày Nike Jordan 1 High' , 'NULL' , 'Giày Nike Jordan 1 High phân phối chính hãng' , '2499.99' , 0 , 0 , 1000 );
insert into PRODUCT_ values('PRO000016' , 'SHP000016' , 'Đầm' , 'NULL' , 'Đầm cho dịp xuân về' , '149.99' , 0 , 0 , 1000 );
insert into PRODUCT_ values('PRO000017' , 'SHP000016' , 'Giày Nike Jordan 1 Low' , 'NULL' , 'Giày Nike Jordan 1 Low phân phối chính hãng' , '999.99' , 0 , 0 , 1000 );
insert into PRODUCT_ values('PRO000018' , 'SHP000016' , 'Áo sơmi' , 'NULL' , 'Áo sơmi cho dịp xuân về' , '249.99' , 0 , 0 , 1000 );
insert into PRODUCT_ values('PRO000019' , 'SHP000016' , 'Giày Adidas Ultraboots 5.0' , 'NULL' , 'Giày 
Adidas Ultraboots 5.0 phân phối chính hãng' , '199.99' , 0 , 0 , 1000 );
insert into PRODUCT_ values('PRO000020' , 'SHP000016' , 'Quần tây' , 'NULL' , 'Quần tây cho dịp xuân về' , '49.99' , 0 , 0 , 1000 );
insert into PRODUCT_ values('PRO000001' , 'SHP000017' , 'Giày Adidas Alphabounce' , 'NULL' , 'Giày Adidas Alphabounce phân phối chính hãng' , '499.99' , 0 , 0 , 1000 );
insert into PRODUCT_ values('PRO000002' , 'SHP000017' , 'Giày Adidas Ultraboots 5.0' , 'NULL' , 'Giày 
Adidas Ultraboots 5.0 phân phối chính hãng' , '1999.99' , 0 , 0 , 1000 );
insert into PRODUCT_ values('PRO000003' , 'SHP000017' , 'Quần Khaki' , 'NULL' , 'Quần Khaki cho dịp xuân về' , '99.99' , 0 , 0 , 1000 );
insert into PRODUCT_ values('PRO000004' , 'SHP000017' , 'Giày Adidas Tubular' , 'NULL' , 'Giày Adidas 
Tubular phân phối chính hãng' , '999.99' , 0 , 0 , 1000 );
insert into PRODUCT_ values('PRO000005' , 'SHP000017' , 'Giày MLB Boston Red Sox' , 'NULL' , 'Giày MLB Boston Red Sox phân phối chính hãng' , '1999.99' , 0 , 0 , 1000 );
insert into PRODUCT_ values('PRO000006' , 'SHP000017' , 'Quần tây' , 'NULL' , 'Quần tây cho dịp xuân về' , '49.99' , 0 , 0 , 1000 );
insert into PRODUCT_ values('PRO000007' , 'SHP000017' , 'Giày Nike Jordan 1 Low' , 'NULL' , 'Giày Nike Jordan 1 Low phân phối chính hãng' , '999.99' , 0 , 0 , 1000 );
insert into PRODUCT_ values('PRO000008' , 'SHP000017' , 'Giày Gucci NY Yankees' , 'NULL' , 'Giày Gucci NY Yankees phân phối chính hãng' , '1999.99' , 0 , 0 , 1000 );
insert into PRODUCT_ values('PRO000009' , 'SHP000017' , 'Áo dài truyền thống' , 'NULL' , 'Áo dài truyền thống cho dịp xuân về' , '149.99' , 0 , 0 , 1000 );
insert into PRODUCT_ values('PRO000010' , 'SHP000017' , 'Váy' , 'NULL' , 'Váy cho dịp xuân về' , '249.99' , 0 , 0 , 1000 );
insert into PRODUCT_ values('PRO000011' , 'SHP000017' , 'Giày Adidas Yeezy 700 v2' , 'NULL' , 'Giày Adidas Yeezy 700 v2 phân phối chính hãng' , '1499.99' , 0 , 0 , 1000 );
insert into PRODUCT_ values('PRO000012' , 'SHP000017' , 'Giày Nike AF Dragon Para Noise' , 'NULL' , 'Giày Nike AF Dragon Para Noise phân phối chính hãng' , '1499.99' , 0 , 0 , 1000 );
insert into PRODUCT_ values('PRO000013' , 'SHP000017' , 'Balenciaga Triple S' , 'NULL' , 'Balenciaga Triple S phân phối chính hãng' , '499.99' , 0 , 0 , 1000 );
insert into PRODUCT_ values('PRO000014' , 'SHP000017' , 'Đầm' , 'NULL' , 'Đầm cho dịp xuân về' , '149.99' , 0 , 0 , 1000 );
insert into PRODUCT_ values('PRO000015' , 'SHP000017' , 'Quần Jean' , 'NULL' , 'Quần Jean cho dịp xuân về' , '49.99' , 0 , 0 , 1000 );
insert into PRODUCT_ values('PRO000016' , 'SHP000017' , 'Giày Nike Jordan 1 High' , 'NULL' , 'Giày Nike Jordan 1 High phân phối chính hãng' , '2499.99' , 0 , 0 , 1000 );
insert into PRODUCT_ values('PRO000017' , 'SHP000017' , 'Áo khoác' , 'NULL' , 'Áo khoác cho dịp xuân về' , '199.99' , 0 , 0 , 1000 );
insert into PRODUCT_ values('PRO000018' , 'SHP000017' , 'Áo polo' , 'NULL' , 'Áo polo cho dịp xuân về' , '149.99' , 0 , 0 , 1000 );
insert into PRODUCT_ values('PRO000019' , 'SHP000017' , 'Áo thun basic' , 'NULL' , 'Áo thun basic cho 
dịp xuân về' , '149.99' , 0 , 0 , 1000 );
insert into PRODUCT_ values('PRO000020' , 'SHP000017' , 'Áo sơmi' , 'NULL' , 'Áo sơmi cho dịp xuân về' , '249.99' , 0 , 0 , 1000 );
insert into PRODUCT_ values('PRO000001' , 'SHP000018' , 'Giày Gucci NY Yankees' , 'NULL' , 'Giày Gucci NY Yankees phân phối chính hãng' , '1999.99' , 0 , 0 , 1000 );
insert into PRODUCT_ values('PRO000002' , 'SHP000018' , 'Đầm' , 'NULL' , 'Đầm cho dịp xuân về' , '149.99' , 0 , 0 , 1000 );
insert into PRODUCT_ values('PRO000003' , 'SHP000018' , 'Giày Adidas Ultraboots 5.0' , 'NULL' , 'Giày 
Adidas Ultraboots 5.0 phân phối chính hãng' , '1999.99' , 0 , 0 , 1000 );
insert into PRODUCT_ values('PRO000004' , 'SHP000018' , 'Balenciaga Triple S' , 'NULL' , 'Balenciaga Triple S phân phối chính hãng' , '499.99' , 0 , 0 , 1000 );
insert into PRODUCT_ values('PRO000005' , 'SHP000018' , 'Áo polo' , 'NULL' , 'Áo polo cho dịp xuân về' , '149.99' , 0 , 0 , 1000 );
insert into PRODUCT_ values('PRO000006' , 'SHP000018' , 'Quần short' , 'NULL' , 'Quần short cho dịp xuân về' , '99.99' , 0 , 0 , 1000 );
insert into PRODUCT_ values('PRO000007' , 'SHP000018' , 'Váy' , 'NULL' , 'Váy cho dịp xuân về' , '249.99' , 0 , 0 , 1000 );
insert into PRODUCT_ values('PRO000008' , 'SHP000018' , 'Giày Nike Air Force 1' , 'NULL' , 'Giày Nike 
Air Force 1 phân phối chính hãng' , '1499.99' , 0 , 0 , 1000 );
insert into PRODUCT_ values('PRO000009' , 'SHP000018' , 'Áo sơmi' , 'NULL' , 'Áo sơmi cho dịp xuân về' , '249.99' , 0 , 0 , 1000 );
insert into PRODUCT_ values('PRO000010' , 'SHP000018' , 'Giày Nike AF Dragon Para Noise' , 'NULL' , 'Giày Nike AF Dragon Para Noise phân phối chính hãng' , '1499.99' , 0 , 0 , 1000 );
insert into PRODUCT_ values('PRO000011' , 'SHP000018' , 'Áo thun basic' , 'NULL' , 'Áo thun basic cho 
dịp xuân về' , '149.99' , 0 , 0 , 1000 );
insert into PRODUCT_ values('PRO000012' , 'SHP000018' , 'Giày Adidas StanSmith' , 'NULL' , 'Giày Adidas StanSmith phân phối chính hãng' , '1499.99' , 0 , 0 , 1000 );
insert into PRODUCT_ values('PRO000013' , 'SHP000018' , 'Quần Khaki' , 'NULL' , 'Quần Khaki cho dịp xuân về' , '99.99' , 0 , 0 , 1000 );
insert into PRODUCT_ values('PRO000014' , 'SHP000018' , 'Quần tây' , 'NULL' , 'Quần tây cho dịp xuân về' , '49.99' , 0 , 0 , 1000 );
insert into PRODUCT_ values('PRO000015' , 'SHP000018' , 'Giày Adidas Tubular' , 'NULL' , 'Giày Adidas 
Tubular phân phối chính hãng' , '999.99' , 0 , 0 , 1000 );
insert into PRODUCT_ values('PRO000016' , 'SHP000018' , 'Quần Jean' , 'NULL' , 'Quần Jean cho dịp xuân về' , '49.99' , 0 , 0 , 1000 );
insert into PRODUCT_ values('PRO000017' , 'SHP000018' , 'Giày Nike Jordan 1 High' , 'NULL' , 'Giày Nike Jordan 1 High phân phối chính hãng' , '2499.99' , 0 , 0 , 1000 );
insert into PRODUCT_ values('PRO000018' , 'SHP000018' , 'Giày Adidas Yeezy 700 v2' , 'NULL' , 'Giày Adidas Yeezy 700 v2 phân phối chính hãng' , '1499.99' , 0 , 0 , 1000 );
insert into PRODUCT_ values('PRO000019' , 'SHP000018' , 'Áo dài truyền thống' , 'NULL' , 'Áo dài truyền thống cho dịp xuân về' , '149.99' , 0 , 0 , 1000 );
insert into PRODUCT_ values('PRO000020' , 'SHP000018' , 'Áo khoác' , 'NULL' , 'Áo khoác cho dịp xuân về' , '199.99' , 0 , 0 , 1000 );
insert into PRODUCT_ values('PRO000001' , 'SHP000019' , 'Váy' , 'NULL' , 'Váy cho dịp xuân về' , '249.99' , 0 , 0 , 1000 );
insert into PRODUCT_ values('PRO000002' , 'SHP000019' , 'Giày Adidas Tubular' , 'NULL' , 'Giày Adidas 
Tubular phân phối chính hãng' , '999.99' , 0 , 0 , 1000 );
insert into PRODUCT_ values('PRO000003' , 'SHP000019' , 'Giày Adidas Yeezy 700 v2' , 'NULL' , 'Giày Adidas Yeezy 700 v2 phân phối chính hãng' , '1499.99' , 0 , 0 , 1000 );
insert into PRODUCT_ values('PRO000004' , 'SHP000019' , 'Áo thun basic' , 'NULL' , 'Áo thun basic cho 
dịp xuân về' , '149.99' , 0 , 0 , 1000 );
insert into PRODUCT_ values('PRO000005' , 'SHP000019' , 'Áo khoác' , 'NULL' , 'Áo khoác cho dịp xuân về' , '199.99' , 0 , 0 , 1000 );
insert into PRODUCT_ values('PRO000006' , 'SHP000019' , 'Quần Khaki' , 'NULL' , 'Quần Khaki cho dịp xuân về' , '99.99' , 0 , 0 , 1000 );
insert into PRODUCT_ values('PRO000007' , 'SHP000019' , 'Đầm' , 'NULL' , 'Đầm cho dịp xuân về' , '149.99' , 0 , 0 , 1000 );
insert into PRODUCT_ values('PRO000008' , 'SHP000019' , 'Balenciaga Triple S' , 'NULL' , 'Balenciaga Triple S phân phối chính hãng' , '499.99' , 0 , 0 , 1000 );
insert into PRODUCT_ values('PRO000009' , 'SHP000019' , 'Giày MLB Boston Red Sox' , 'NULL' , 'Giày MLB Boston Red Sox phân phối chính hãng' , '1999.99' , 0 , 0 , 1000 );
insert into PRODUCT_ values('PRO000010' , 'SHP000019' , 'Áo dài truyền thống' , 'NULL' , 'Áo dài truyền thống cho dịp xuân về' , '149.99' , 0 , 0 , 1000 );  #ERROR duplicate--------------------------------------------
insert into PRODUCT_ values('PRO000011' , 'SHP000019' , 'Giày Adidas Ultraboots 5.0' , 'NULL' , 'Giày 
Adidas Ultraboots 5.0 phân phối chính hãng' , '1999.99' , 0 , 0 , 1000 );
insert into PRODUCT_ values('PRO000012' , 'SHP000019' , 'Áo polo' , 'NULL' , 'Áo polo cho dịp xuân về' , '149.99' , 0 , 0 , 1000 );
insert into PRODUCT_ values('PRO000013' , 'SHP000019' , 'Giày Nike Air Force 1' , 'NULL' , 'Giày Nike 
Air Force 1 phân phối chính hãng' , '1499.99' , 0 , 0 , 1000 );
insert into PRODUCT_ values('PRO000014' , 'SHP000019' , 'Giày Nike Jordan 1 High' , 'NULL' , 'Giày Nike Jordan 1 High phân phối chính hãng' , '2499.99' , 0 , 0 , 1000 );
insert into PRODUCT_ values('PRO000015' , 'SHP000019' , 'Giày Gucci NY Yankees' , 'NULL' , 'Giày Gucci NY Yankees phân phối chính hãng' , '1999.99' , 0 , 0 , 1000 );
insert into PRODUCT_ values('PRO000016' , 'SHP000019' , 'Quần tây' , 'NULL' , 'Quần tây cho dịp xuân về' , '49.99' , 0 , 0 , 1000 );
insert into PRODUCT_ values('PRO000017' , 'SHP000019' , 'Áo sơmi' , 'NULL' , 'Áo sơmi cho dịp xuân về' , '249.99' , 0 , 0 , 1000 );
insert into PRODUCT_ values('PRO000018' , 'SHP000019' , 'Giày Nike AF Dragon Para Noise' , 'NULL' , 'Giày Nike AF Dragon Para Noise phân phối chính hãng' , '1499.99' , 0 , 0 , 1000 );
insert into PRODUCT_ values('PRO000019' , 'SHP000019' , 'Giày Adidas StanSmith' , 'NULL' , 'Giày Adidas StanSmith phân phối chính hãng' , '1499.99' , 0 , 0 , 1000 );
insert into PRODUCT_ values('PRO000020' , 'SHP000019' , 'Quần short' , 'NULL' , 'Quần short cho dịp xuân về' , '99.99' , 0 , 0 , 1000 );
insert into PRODUCT_ values('PRO000001' , 'SHP000020' , 'Quần tây' , 'NULL' , 'Quần tây cho dịp xuân về' , '49.99' , 0 , 0 , 1000 );
insert into PRODUCT_ values('PRO000002' , 'SHP000020' , 'Giày Gucci NY Yankees' , 'NULL' , 'Giày Gucci NY Yankees phân phối chính hãng' , '1999.99' , 0 , 0 , 1000 );
insert into PRODUCT_ values('PRO000003' , 'SHP000020' , 'Áo polo' , 'NULL' , 'Áo polo cho dịp xuân về' , '149.99' , 0 , 0 , 1000 );
insert into PRODUCT_ values('PRO000004' , 'SHP000020' , 'Áo dài truyền thống' , 'NULL' , 'Áo dài truyền thống cho dịp xuân về' , '149.99' , 0 , 0 , 1000 );
insert into PRODUCT_ values('PRO000005' , 'SHP000020' , 'Quần Jean' , 'NULL' , 'Quần Jean cho dịp xuân về' , '49.99' , 0 , 0 , 1000 );
insert into PRODUCT_ values('PRO000006' , 'SHP000020' , 'Quần Khaki' , 'NULL' , 'Quần Khaki cho dịp xuân về' , '99.99' , 0 , 0 , 1000 );
insert into PRODUCT_ values('PRO000007' , 'SHP000020' , 'Giày Nike AF Dragon Para Noise' , 'NULL' , 'Giày Nike AF Dragon Para Noise phân phối chính hãng' , '1499.99' , 0 , 0 , 1000 );
insert into PRODUCT_ values('PRO000008' , 'SHP000020' , 'Balenciaga Triple S' , 'NULL' , 'Balenciaga Triple S phân phối chính hãng' , '499.99' , 0 , 0 , 1000 );
insert into PRODUCT_ values('PRO000009' , 'SHP000020' , 'Áo sơmi' , 'NULL' , 'Áo sơmi cho dịp xuân về' , '249.99' , 0 , 0 , 1000 );
insert into PRODUCT_ values('PRO000010' , 'SHP000020' , 'Giày Adidas Yeezy 700 v2' , 'NULL' , 'Giày Adidas Yeezy 700 v2 phân phối chính hãng' , '1499.99' , 0 , 0 , 1000 );
insert into PRODUCT_ values('PRO000011' , 'SHP000020' , 'Giày Nike Air Force 1' , 'NULL' , 'Giày Nike Air Force 1 phân phối chính hãng' , '1499.99' , 0 , 0 , 1000 );
insert into PRODUCT_ values('PRO000012' , 'SHP000020' , 'Váy' , 'NULL' , 'Váy cho dịp xuân về' , '249.99' , 0 , 0 , 1000 );
insert into PRODUCT_ values('PRO000013' , 'SHP000020' , 'Giày Adidas Alphabounce' , 'NULL' , 'Giày Adidas Alphabounce phân phối chính hãng' , '499.99' , 0 , 0 , 1000 );
insert into PRODUCT_ values('PRO000014' , 'SHP000020' , 'Giày Adidas Tubular' , 'NULL' , 'Giày Adidas Tubular phân phối chính hãng' , '999.99' , 0 , 0 , 1000 );
insert into PRODUCT_ values('PRO000015' , 'SHP000020' , 'Áo khoác' , 'NULL' , 'Áo khoác cho dịp xuân về' , '199.99' , 0 , 0 , 1000 );
insert into PRODUCT_ values('PRO000016' , 'SHP000020' , 'Giày Adidas StanSmith' , 'NULL' , 'Giày Adidas StanSmith phân phối chính hãng' , '1499.99' , 0 , 0 , 1000 );
insert into PRODUCT_ values('PRO000017' , 'SHP000020' , 'Quần short' , 'NULL' , 'Quần short cho dịp xuân về' , '99.99' , 0 , 0 , 1000 );
insert into PRODUCT_ values('PRO000018' , 'SHP000020' , 'Giày Adidas Ultraboots 5.0' , 'NULL' , 'Giày Adidas Ultraboots 5.0 phân phối chính hãng' , '1999.99' , 0 , 0 , 1000 );
insert into PRODUCT_ values('PRO000019' , 'SHP000020' , 'Giày Nike Jordan 1 High' , 'NULL' , 'Giày Nike Jordan 1 High phân phối chính hãng' , '2499.99' , 0 , 0 , 1000 );
insert into PRODUCT_ values('PRO000020' , 'SHP000020' , 'Giày MLB Boston Red Sox' , 'NULL' , 'Giày MLB Boston Red Sox phân phối chính hãng' , '1999.99' , 0 , 0 , 1000 );


#_BELONG_TO_ 
insert into _BELONG_TO_ values('PRO000001','SHP000001','Trai Cay');
insert into _BELONG_TO_ values('PRO000002','SHP000001','Trai Cay');
insert into _BELONG_TO_ values('PRO000003','SHP000001','Trai Cay');
insert into _BELONG_TO_ values('PRO000004','SHP000001','Trai Cay');
insert into _BELONG_TO_ values('PRO000005','SHP000001','Trai Cay');
insert into _BELONG_TO_ values('PRO000006','SHP000002','Hoa');
insert into _BELONG_TO_ values('PRO000007','SHP000002','Hoa');
insert into _BELONG_TO_ values('PRO000008','SHP000002','Hoa');
insert into _BELONG_TO_ values('PRO000009','SHP000002','Hoa');
insert into _BELONG_TO_ values('PRO000010','SHP000002','Hoa');
insert into _BELONG_TO_ values('PRO000011','SHP000003','Giay');
insert into _BELONG_TO_ values('PRO000012','SHP000003','Giay');
insert into _BELONG_TO_ values('PRO000013','SHP000003','Giay');
insert into _BELONG_TO_ values('PRO000014','SHP000003','Giay');
insert into _BELONG_TO_ values('PRO000015','SHP000003','Giay');
insert into _BELONG_TO_ values('PRO000016','SHP000004','Quan Ao');
insert into _BELONG_TO_ values('PRO000017','SHP000004','Quan Ao');
insert into _BELONG_TO_ values('PRO000018','SHP000004','Quan Ao');
insert into _BELONG_TO_ values('PRO000019','SHP000004','Quan Ao');
insert into _BELONG_TO_ values('PRO000020','SHP000004','Quan Ao');



#IMPORT_INFO_  
insert into IMPORT_INFO_ values('IMP000001', 'SHP000001',0,'2010-10-19');
insert into IMPORT_INFO_ values('IMP000002', 'SHP000002',0,'2010-10-20');
insert into IMPORT_INFO_ values('IMP000003', 'SHP000003',0,'2010-10-21');
insert into IMPORT_INFO_ values('IMP000004', 'SHP000001',0,'2010-10-22');
insert into IMPORT_INFO_ values('IMP000005', 'SHP000001',0,'2010-10-23');
insert into IMPORT_INFO_ values('IMP000006', 'SHP000002',0,'2010-10-19');
insert into IMPORT_INFO_ values('IMP000007', 'SHP000006',0,'2010-10-20');
insert into IMPORT_INFO_ values('IMP000008', 'SHP000004',0,'2010-10-21');
insert into IMPORT_INFO_ values('IMP000009', 'SHP000009',0,'2010-10-22');
insert into IMPORT_INFO_ values('IMP000010', 'SHP000010',0,'2010-10-23');
insert into IMPORT_INFO_ values('IMP000011', 'SHP000003',0,'2010-10-19');
insert into IMPORT_INFO_ values('IMP000012', 'SHP000007',0,'2010-10-20');
insert into IMPORT_INFO_ values('IMP000013', 'SHP000004',0,'2010-10-21');
insert into IMPORT_INFO_ values('IMP000014', 'SHP000009',0,'2010-10-22');
insert into IMPORT_INFO_ values('IMP000015', 'SHP000006',0,'2010-10-23');
insert into IMPORT_INFO_ values('IMP000016', 'SHP000002',0,'2010-10-19');
insert into IMPORT_INFO_ values('IMP000017', 'SHP000001',0,'2010-10-20');
insert into IMPORT_INFO_ values('IMP000018', 'SHP000009',0,'2010-10-21');
insert into IMPORT_INFO_ values('IMP000019', 'SHP000008',0,'2010-10-22');
insert into IMPORT_INFO_ values('IMP000020', 'SHP000004',0,'2010-10-23');


#PRODUCT_LIST_ 
insert into PRODUCT_LIST_ values('IMP000001', 'PRO000001', '100');
insert into PRODUCT_LIST_ values('IMP000001', 'PRO000002', '145');
insert into PRODUCT_LIST_ values('IMP000001', 'PRO000003', '245');
insert into PRODUCT_LIST_ values('IMP000002', 'PRO000004', '642');
insert into PRODUCT_LIST_ values('IMP000002', 'PRO000005', '275');
insert into PRODUCT_LIST_ values('IMP000002', 'PRO000006', '1955');
insert into PRODUCT_LIST_ values('IMP000003', 'PRO000007', '1000');
insert into PRODUCT_LIST_ values('IMP000003', 'PRO000008', '212');
insert into PRODUCT_LIST_ values('IMP000003', 'PRO000009', '242');
insert into PRODUCT_LIST_ values('IMP000004', 'PRO000010', '562');
insert into PRODUCT_LIST_ values('IMP000004', 'PRO000011', '341');
insert into PRODUCT_LIST_ values('IMP000004', 'PRO000012', '3451');
insert into PRODUCT_LIST_ values('IMP000004', 'PRO000013', '1232');
insert into PRODUCT_LIST_ values('IMP000004', 'PRO000014', '2235');
insert into PRODUCT_LIST_ values('IMP000005', 'PRO000015', '25345');
insert into PRODUCT_LIST_ values('IMP000006', 'PRO000016', '1234');
insert into PRODUCT_LIST_ values('IMP000007', 'PRO000017', '1345');
insert into PRODUCT_LIST_ values('IMP000008', 'PRO000018', '2342');
insert into PRODUCT_LIST_ values('IMP000008', 'PRO000019', '2345');
insert into PRODUCT_LIST_ values('IMP000009', 'PRO000020', '2734');
insert into PRODUCT_LIST_ values('IMP000001', 'PRO000011', '100');
insert into PRODUCT_LIST_ values('IMP000002', 'PRO000012', '145');
insert into PRODUCT_LIST_ values('IMP000003', 'PRO000013', '245');
insert into PRODUCT_LIST_ values('IMP000004', 'PRO000015', '642');
insert into PRODUCT_LIST_ values('IMP000005', 'PRO000005', '275');
insert into PRODUCT_LIST_ values('IMP000006', 'PRO000006', '1955');
insert into PRODUCT_LIST_ values('IMP000007', 'PRO000008', '1000');
insert into PRODUCT_LIST_ values('IMP000008', 'PRO000008', '212');
insert into PRODUCT_LIST_ values('IMP000009', 'PRO000009', '242');
insert into PRODUCT_LIST_ values('IMP000010', 'PRO000020', '562');
insert into PRODUCT_LIST_ values('IMP000011', 'PRO000001', '341');
insert into PRODUCT_LIST_ values('IMP000012', 'PRO000002', '3451');
insert into PRODUCT_LIST_ values('IMP000013', 'PRO000003', '1232');
insert into PRODUCT_LIST_ values('IMP000014', 'PRO000004', '2235');
insert into PRODUCT_LIST_ values('IMP000015', 'PRO000005', '25345');
insert into PRODUCT_LIST_ values('IMP000016', 'PRO000006', '1234');
insert into PRODUCT_LIST_ values('IMP000017', 'PRO000007', '1345');
insert into PRODUCT_LIST_ values('IMP000018', 'PRO000008', '2342');
insert into PRODUCT_LIST_ values('IMP000019', 'PRO000009', '2345');
insert into PRODUCT_LIST_ values('IMP000020', 'PRO000010', '2734');


# _BONUS_FOR_
insert into _BONUS_FOR_ values('PRO000008' , 'SHP000001' , 'PRO000007' , 'SHP000001' );
insert into _BONUS_FOR_ values('PRO000006' , 'SHP000002' , 'PRO000002' , 'SHP000002' );
insert into _BONUS_FOR_ values('PRO000002' , 'SHP000003' , 'PRO000007' , 'SHP000003' );
insert into _BONUS_FOR_ values('PRO000002' , 'SHP000004' , 'PRO000008' , 'SHP000004' );
insert into _BONUS_FOR_ values('PRO000004' , 'SHP000005' , 'PRO000003' , 'SHP000005' );
insert into _BONUS_FOR_ values('PRO000009' , 'SHP000006' , 'PRO000006' , 'SHP000006' );
insert into _BONUS_FOR_ values('PRO000003' , 'SHP000007' , 'PRO000002' , 'SHP000007' );
insert into _BONUS_FOR_ values('PRO000003' , 'SHP000008' , 'PRO000009' , 'SHP000008' );
insert into _BONUS_FOR_ values('PRO000002' , 'SHP000009' , 'PRO000004' , 'SHP000009' );
insert into _BONUS_FOR_ values('PRO000002' , 'SHP000010' , 'PRO000008' , 'SHP000010' );
insert into _BONUS_FOR_ values('PRO000008' , 'SHP000011' , 'PRO000001' , 'SHP000011' );
insert into _BONUS_FOR_ values('PRO000004' , 'SHP000012' , 'PRO000002' , 'SHP000012' );
insert into _BONUS_FOR_ values('PRO000006' , 'SHP000013' , 'PRO000008' , 'SHP000013' );
insert into _BONUS_FOR_ values('PRO000005' , 'SHP000014' , 'PRO000001' , 'SHP000014' );
insert into _BONUS_FOR_ values('PRO000002' , 'SHP000015' , 'PRO000003' , 'SHP000015' );
insert into _BONUS_FOR_ values('PRO000004' , 'SHP000016' , 'PRO000009' , 'SHP000016' );


# SHIPPING_PARTNER_ 
INSERT INTO SHIPPING_PARTNER_ (NAME_SHIPPING_PARTNER, DATE_START, NUM_SUCESSFUL_ORDER) 
VALUES 
('J&T Express', '2009-12-12', '15025'),
('Giao hàng tiết kiệm', '2011-12-14', '16092'),
('Standard Express', '2011-6-13', '14021'),
('Giao hàng nhanh', '2014-7-27', '23021'),
('Viettel Post', '2012-6-21', '4651'),
('Việt Nam Post', '2010-3-17', '1021');


# _Corperate_with_
INSERT INTO _CORPORATE_WITH_ (ID_SHOP, NAME_SHIPPING_PARTNER) 
VALUES
('SHP000001', 'J&T Express'),
('SHP000001', 'Giao hàng tiết kiệm'),
('SHP000002', 'Standard Express'),
('SHP000003', 'Standard Express'),
('SHP000003', 'Giao hàng nhanh'),
('SHP000003', 'Việt Nam Post'),
('SHP000004', 'J&T Express'),
('SHP000004', 'Giao hàng tiết kiệm'),
('SHP000005', 'Viettel Post'),
('SHP000005', 'Việt Nam Post'),
('SHP000005', 'Giao hàng nhanh'),
('SHP000006', 'J&T Express'),
('SHP000007', 'Giao hàng nhanh'),
('SHP000008', 'Giao hàng nhanh'),
('SHP000008', 'J&T Express'),
('SHP000008', 'Việt Nam Post'),
('SHP000008', 'Viettel Post'),
('SHP000008', 'Standard Express'),
('SHP000009', 'Giao hàng tiết kiệm'),
('SHP000010', 'J&T Express'),
('SHP000010', 'Giao hàng tiết kiệm'),
('SHP000011', 'Giao hàng tiết kiệm'),
('SHP000012', 'J&T Express'),
('SHP000013', 'J&T Express'),
('SHP000013', 'Giao hàng tiết kiệm'),
('SHP000014', 'Viettel Post'),
('SHP000015', 'Giao hàng tiết kiệm'),
('SHP000016', 'J&T Express'),
('SHP000017', 'J&T Express'),
('SHP000017', 'Giao hàng tiết kiệm'),
('SHP000018', 'J&T Express'),
('SHP000019', 'Standard Express'),
('SHP000020', 'Giao hàng nhanh');


# DISCOUNT
INSERT INTO DISCOUNT_ (DISCOUNT_CODE, DISCOUNT_VALUE, DISCOUNT_TYPE, VALID_DATE, EXPIRE_DATE, DISCOUNT_DESCRIPTION) 
VALUES
('DIS000001', '100', 'Voucher', '2021-11-11', '2021-12-31','none'),
('DIS000002', '10', 'Voucher', '2021-1-1', '2021-2-26','none'),
('DIS000003', '20', 'Coupon', '2021-10-11', '2021-11-11','none'),
('DIS000004', '150', 'Voucher', '2021-11-11', '2021-12-31','none'),
('DIS000005', '7', 'Coupon', '2021-11-12', '2022-12-1','none'),
('DIS000006', '5', 'Coupon', '2021-9-19', '2021-12-31','none'),
('DIS000007', '7', 'Coupon', '2021-3-11', '2021-10-10','none'),
('DIS000008', '20', 'Voucher', '2021-12-12', '2021-12-31','none'),
('DIS000009', '50', 'Coupon', '2021-7-8', '2021-12-31','none'),
('DIS000010', '15', 'Voucher', '2021-9-9', '2021-9-10','none'),
('DIS000011', '100', 'Voucher', '2021-11-11', '2021-11-13','none'),
('DIS000012', '5', 'Coupon', '2021-11-11', '2021-11-15','none'),
('DIS000013', '200', 'Voucher', '2021-11-11', '2021-12-1','none'),
('DIS000014', '35', 'Coupon', '2021-5-1', '2022-12-31','none'),
('DIS000015', '10', 'Voucher', '2021-6-1', '2021-7-1','none'),
('DIS000016', '60', 'Voucher', '2021-6-1', '2021-7-1','none'),
('DIS000017', '200', 'Voucher', '2021-6-1', '2021-7-1','none'),
('DIS000018', '50', 'Voucher', '2021-6-1', '2021-7-1','none'),
('DIS000019', '20', 'Coupon', '2021-6-1', '2021-7-1','none'),
('DIS000020', '50', 'Voucher', '2021-6-1', '2021-7-1','none');



#SHOP DISCOUNT
INSERT INTO SHOP_DIS_ (DISCOUNT_CODE, ID_SHOP, SHOP_DIS_TYPE) 
VALUES
('DIS000001', 'SHP000001', 'Normal'),
('DIS000002', 'SHP000002', 'Normal'),
('DIS000003', 'SHP000002', 'Subscribed'),
('DIS000004', 'SHP000005', 'Normal'),
('DIS000005', 'SHP000006', 'Normal'),
('DIS000006', 'SHP000018', 'Normal'),
('DIS000007', 'SHP000019', 'Normal'),
('DIS000008', 'SHP000020', 'Normal'),
('DIS000009', 'SHP000020', 'Subscribed');

# SYSTEM DISCOUNT
INSERT INTO SYSTEM_DIS_ (DISCOUNT_CODE, CAMPAIGN, SYS_DIS_TYPE) 
VALUES
('DIS000010', 'sale giữa năm', 'Normal'),
('DIS000011', 'lễ độc thân', 'Silver'),
('DIS000012', 'lễ độc thân', 'Normal'),
('DIS000013', 'lễ độc thân', 'Golden'),
('DIS000014', 'quốc tế lao động', 'Golden'),
('DIS000015', 'quốc tế thiếu nhi', 'Diamond'),
('DIS000016', 'quốc tế thiếu nhi', 'Diamond'),
('DIS000017', 'quốc tế thiếu nhi', 'Silver'),
('DIS000018', 'quốc tế thiếu nhi', 'Normal'),
('DIS000019', 'quốc tế thiếu nhi', 'Normal'),
('DIS000020', 'quốc tế thiếu nhi', 'Golden');


#_ORDER_
INSERT INTO ORDER_ (ID_CUS, ID_ORDER, STATUS_ORDER, ADDRESS_ORDER, PAYMENT_METHOD, SHIPPING_FEE, NAME_SHIPPING_PARTNER) 
VALUES
('CUS000001', 'ORD000001', 'Đang giao', '23 Phùng Thiệu A, phường 10, TP. Vĩnh Long', 'ONL', '40', 'J&T Express'),
('CUS000001', 'ORD000007', 'Đang giao', '23 Phùng Thiệu A, phường 10, TP. Vĩnh Long', 'ONL', '40', 'J&T Express'),
('CUS000001', 'ORD000010', 'Đã giao', '23 Phùng Thiệu A, phường 10, TP. Vĩnh Long', 'ONL', '40', 'J&T Express'),
('CUS000001', 'ORD000013', 'Đã xác nhận', '23 Phùng Thiệu A, phường 10, TP. Vĩnh Long', 'ONL', '40', 'J&T Express'),
('CUS000002', 'ORD000002', 'Đã giao', '2A Nguyễn Khuyến, phường 8, TP. Vĩnh Long', 'ONL', '40', 'J&T Express'),
('CUS000003', 'ORD000003', 'Chờ xác nhận', '16 Lý Thường kiệt, phường 10, Q.10, TP. HCM', 'COD', '50', 'J&T Express'),
('CUS000004', 'ORD000004', 'Đang giao', '12 Cao Văn Lầu, phường 2, TP. Bạc Liêu', 'COD', '35', 'J&T Express'),
('CUS000005', 'ORD000005', 'Đang giao', '22/B Phùng Thiệu A, phường 10, TP. Vĩnh Long', 'ONL', '40', 'J&T Express'),
('CUS000006', 'ORD000006', 'Đang giao', '8 Phan Đình Phùng, phường 18, TP. Sa Đéc, tỉnh Đồng Tháp', 'ONL', '40', 'J&T Express'),
('CUS000007', 'ORD000008', 'Đang giao', '282 Enstein, phường 18, TP. Thủ Đức', 'ONL', '40', 'J&T Express'),
('CUS000008', 'ORD000009', 'Đã xác nhận', '56 Paster, phường 12, Q.3, TP. HCM', 'ONL', '40', 'J&T Express'),
('CUS000009', 'ORD000011', 'Đã giao', '156 Paster, phường 12, Q.3, TP. HCM', 'COD', '40', 'J&T Express'),
('CUS000010', 'ORD000012', 'Đang giao', '123 Nguyễn Hữu Cảnh, phường 7, Q.6, TP. HCM', 'COD', '40', 'J&T Express'),
('CUS000011', 'ORD000014', 'Đã hủy', '28/C Phan Văn Trường, phường 7, Q.8, TP. HCM', 'ONL', '40', 'J&T Express'),
('CUS000012', 'ORD000015', 'Đã giao', '126 Phan Văn Trường, phường 7, Q.8, TP. HCM', 'ONL', '40', 'J&T Express'),
('CUS000013', 'ORD000016', 'Đang giao', '12 An Lạc, phường 2, TP. An Giang', 'ONL', '40', 'J&T Express'),
('CUS000014', 'ORD000017', 'Đã giaoo', '19 Hòa Bình, phường 6, TP. Sơn La', 'COD', '40', 'J&T Express'),
('CUS000015', 'ORD000018', 'Đã giao', '16 Lưu Vĩnh, phường 9, TP. Cao Bằng', 'ONL', '40', 'J&T Express'),
('CUS000016', 'ORD000019', 'Đã hủy', '23 Lạc Long Quân, phường Thanh Xuân, Q. Nam Từ Liêm, TP. Hà Nội', 'COD', '40', 'J&T Express'),
('CUS000017', 'ORD000020', 'Đang giao', '12 Phùng Đề Mạc, phường Thanh Xuân, Q. Nam Từ Liêm, TP. Hà Nội', 'COD', '40', 'J&T Express');



# _APPLY_ 
INSERT INTO _APPLY_ (ID_ORDER, DISCOUNT_CODE) 
VALUES
('ORD000001', 'DIS000001'),
('ORD000002', 'DIS000002'),
('ORD000003', 'DIS000001'),
('ORD000005', 'DIS000011'),
('ORD000007', 'DIS000008'),
('ORD000009', 'DIS000012'),
('ORD000010', 'DIS000020'),
('ORD000015', 'DIS000005'),
('ORD000016', 'DIS000007'),
('ORD000016', 'DIS000017'),
('ORD000017', 'DIS000008'),
('ORD000018', 'DIS000019'),
('ORD000019', 'DIS000019'),
('ORD000020', 'DIS000003'),
('ORD000020', 'DIS000020');



#CONTAIN_
   INSERT INTO _CONTAIN_
    VALUES
        ("ORD000001","PRO000001","SHP000001",3),
        ("ORD000001","PRO000002","SHP000001",5),
        ("ORD000001","PRO000003","SHP000001",12),
        ("ORD000001","PRO000004","SHP000001",1),
        ("ORD000001","PRO000005","SHP000001",2),
        ("ORD000002","PRO000006","SHP000002",4),
        ("ORD000002","PRO000007","SHP000002",10),
        ("ORD000002","PRO000008","SHP000002",3),
        ("ORD000002","PRO000009","SHP000002",8),
        ("ORD000002","PRO000010","SHP000002",7),
        ("ORD000003","PRO000011","SHP000003",15),
        ("ORD000003","PRO000012","SHP000003",9),
        ("ORD000003","PRO000013","SHP000003",10),
        ("ORD000003","PRO000014","SHP000003",7),
        ("ORD000003","PRO000015","SHP000003",4),
        ("ORD000004","PRO000016","SHP000004",11),
        ("ORD000004","PRO000017","SHP000004",6),
        ("ORD000004","PRO000018","SHP000004",3),
        ("ORD000004","PRO000019","SHP000004",4),
        ("ORD000004","PRO000020","SHP000004",5),
        ("ORD000005","PRO000001","SHP000005",1),
        ("ORD000005","PRO000002","SHP000005",5),
        ("ORD000005","PRO000003","SHP000005",15),
        ("ORD000005","PRO000004","SHP000005",11),
        ("ORD000005","PRO000005","SHP000005",2),
        ("ORD000006","PRO000006","SHP000006",4),
        ("ORD000006","PRO000007","SHP000006",8),
        ("ORD000006","PRO000008","SHP000006",3),
        ("ORD000006","PRO000009","SHP000006",8),
        ("ORD000006","PRO000001","SHP000006",7),
        ("ORD000007","PRO000001","SHP000007",15),
        ("ORD000007","PRO000002","SHP000007",9),
        ("ORD000007","PRO000003","SHP000007",10),
        ("ORD000007","PRO000004","SHP000007",7),
        ("ORD000007","PRO000005","SHP000007",4),
        ("ORD000008","PRO000006","SHP000008",11),
        ("ORD000008","PRO000007","SHP000008",6),
        ("ORD000008","PRO000018","SHP000008",3),
        ("ORD000008","PRO000009","SHP000008",4),
        ("ORD000008","PRO000010","SHP000008",5),
        ("ORD000009","PRO000001","SHP000009",1),
        ("ORD000009","PRO000012","SHP000009",5),
        ("ORD000009","PRO000003","SHP000009",15),
        ("ORD000009","PRO000004","SHP000009",11),
        ("ORD000009","PRO000015","SHP000009",2),
        ("ORD000010","PRO000006","SHP000010",4),
        ("ORD000010","PRO000017","SHP000010",8),
        ("ORD000010","PRO000008","SHP000010",3),
        ("ORD000010","PRO000019","SHP000010",8),
        ("ORD000010","PRO000010","SHP000010",7),
        ("ORD000011","PRO000001","SHP000011",15),
        ("ORD000011","PRO000012","SHP000011",9),
        ("ORD000011","PRO000013","SHP000011",10),
        ("ORD000011","PRO000014","SHP000011",7),
        ("ORD000011","PRO000015","SHP000011",4),
        ("ORD000012","PRO000016","SHP000012",11),
        ("ORD000012","PRO000017","SHP000012",6),
        ("ORD000012","PRO000008","SHP000012",3),
        ("ORD000012","PRO000009","SHP000012",4),
        ("ORD000012","PRO000020","SHP000012",5),
        ("ORD000013","PRO000011","SHP000013",3),
        ("ORD000013","PRO000012","SHP000013",5),
        ("ORD000013","PRO000013","SHP000013",12),
        ("ORD000013","PRO000014","SHP000013",1),
        ("ORD000013","PRO000005","SHP000013",2),
        ("ORD000014","PRO000006","SHP000014",4),
        ("ORD000014","PRO000007","SHP000014",10),
        ("ORD000014","PRO000008","SHP000014",3),
        ("ORD000014","PRO000009","SHP000014",8),
        ("ORD000014","PRO000010","SHP000014",7),
        ("ORD000015","PRO000001","SHP000015",15),
        ("ORD000015","PRO000012","SHP000015",9),
        ("ORD000015","PRO000013","SHP000015",10),
        ("ORD000015","PRO000014","SHP000015",7),
        ("ORD000015","PRO000015","SHP000015",4),
        ("ORD000016","PRO000016","SHP000016",11),
        ("ORD000016","PRO000017","SHP000016",6),
        ("ORD000016","PRO000018","SHP000016",3),
        ("ORD000016","PRO000019","SHP000016",4),
        ("ORD000016","PRO000010","SHP000016",5),
        ("ORD000017","PRO000001","SHP000017",3),
        ("ORD000017","PRO000002","SHP000017",5),
        ("ORD000017","PRO000003","SHP000017",12),
        ("ORD000017","PRO000004","SHP000017",1),
        ("ORD000017","PRO000005","SHP000017",2),
        ("ORD000018","PRO000006","SHP000018",4),
        ("ORD000018","PRO000017","SHP000018",10),
        ("ORD000018","PRO000018","SHP000018",3),
        ("ORD000018","PRO000019","SHP000018",8),
        ("ORD000018","PRO000010","SHP000018",7),
        ("ORD000019","PRO000011","SHP000019",15),
        ("ORD000019","PRO000012","SHP000019",9),
        ("ORD000019","PRO000013","SHP000019",10),
        ("ORD000019","PRO000014","SHP000019",7),
        ("ORD000019","PRO000015","SHP000019",4),
        ("ORD000020","PRO000016","SHP000020",11),
        ("ORD000020","PRO000017","SHP000020",6),
        ("ORD000020","PRO000018","SHP000020",3),
        ("ORD000020","PRO000019","SHP000020",4),
        ("ORD000020","PRO000010","SHP000020",5);


#cart
insert into CART_
values

("CUS000001",	0),
("CUS000002",	0),
("CUS000003",	0),
("CUS000004",	0),
("CUS000005",	0),
("CUS000006",	0),
("CUS000007",	0),
("CUS000008",	0),
("CUS000009",	0),
("CUS000010",	0),
("CUS000011",	0),
("CUS000012",	0),
("CUS000013",	0),
("CUS000014",	0),
("CUS000015",	0),
("CUS000016",	0),
("CUS000017",	0),
("CUS000018",	0),
("CUS000019",	0),
("CUS000020",	0);

#_INCLUDE_

INSERT INTO _INCLUDE_
VALUES 
('CUS000001',	'PRO000011',	'SHP000001',	15,	'2021-11-11'),
('CUS000001',	'PRO000012',	'SHP000001',	9,	'2021-11-20'),
('CUS000001',	'PRO000013',	'SHP000001',	10,	'2021-11-16'),
('CUS000001',	'PRO000014',	'SHP000001',	7,	'2021-11-11'),
('CUS000001',	'PRO000015',	'SHP000001',	4,	'2021-11-14'),
('CUS000001',	'PRO000016',	'SHP000001',	11,	'2021-11-03'),
('CUS000002',	'PRO000018',	'SHP000002',	3,	'2021-11-11'),
('CUS000002',	'PRO000019',	'SHP000002',	8,	'2021-11-16'),
('CUS000002',	'PRO000010',	'SHP000002',	7,	'2021-11-11'),
('CUS000004',	'PRO000012',	'SHP000004',	5,	'2021-11-13'),
('CUS000004',	'PRO000013',	'SHP000004',	12,	'2021-11-08'),
('CUS000004',	'PRO000014',	'SHP000004',	1,	'2021-11-11'),
('CUS000004',	'PRO000005',	'SHP000004',	2,	'2021-11-12'),
('CUS000004',	'PRO000006',	'SHP000004',	4,	'2021-11-11'),
('CUS000005',	'PRO000003',	'SHP000005',	10,	'2021-11-16'),
('CUS000006',	'PRO000003',	'SHP000006',	10,	'2021-11-16'),
('CUS000006',	'PRO000004',	'SHP000006',	7,	'2021-11-11'),
('CUS000006',	'PRO000005',	'SHP000006',	4,	'2021-11-14'),
('CUS000006',	'PRO000006',	'SHP000006',	11,	'2021-11-03'),
('CUS000006',	'PRO000007',	'SHP000006',	6,	'2021-11-11'),
('CUS000006',	'PRO000018',	'SHP000006',	3,	'2021-11-01'),
('CUS000006',	'PRO000019',	'SHP000006',	4,	'2021-11-11'),
('CUS000006',	'PRO000020',	'SHP000006',	5,	'2021-11-02'),
('CUS000007',	'PRO000001',	'SHP000007',	3,	'2021-11-01'),
('CUS000009',	'PRO000014',	'SHP000009',	1,	'2021-11-11'),
('CUS000009',	'PRO000015',	'SHP000009',	2,	'2021-11-12'),
('CUS000009',	'PRO000016',	'SHP000009',	4,	'2021-11-11'),
('CUS000009',	'PRO000017',	'SHP000009',	10,	'2021-11-14'),
('CUS000009',	'PRO000018',	'SHP000009',	3,	'2021-11-11'),
('CUS000009',	'PRO000019',	'SHP000009',	8,	'2021-11-16'),
('CUS000009',	'PRO000010',	'SHP000009',	7,	'2021-11-11'),
('CUS000009',	'PRO000011',	'SHP000009',	15,	'2021-11-11'),
('CUS000009',	'PRO000012',	'SHP000009',	9,	'2021-11-20'),
('CUS000009',	'PRO000006',	'SHP000009',	11,	'2021-11-03'),
('CUS000009',	'PRO000007',	'SHP000009',	6,	'2021-11-11'),
('CUS000009',	'PRO000008',	'SHP000009',	3,	'2021-11-01'),
('CUS000009',	'PRO000009',	'SHP000009',	4,	'2021-11-11'),
('CUS000016',	'PRO000006',	'SHP000016',	11,	'2021-11-03'),
('CUS000016',	'PRO000017',	'SHP000016',	6,	'2021-11-11'),
('CUS000016',	'PRO000018',	'SHP000016',	3,	'2021-11-01'),
('CUS000016',	'PRO000019',	'SHP000016',	4,	'2021-11-11'),
('CUS000016',	'PRO000010',	'SHP000016',	5,	'2021-11-02'),
('CUS000017',	'PRO000011',	'SHP000017',	3,	'2021-11-01'),
('CUS000017',	'PRO000012',	'SHP000017',	5,	'2021-11-13'),
('CUS000017',	'PRO000013',	'SHP000017',	12,	'2021-11-08'),
('CUS000017',	'PRO000014',	'SHP000017',	1,	'2021-11-11'),
('CUS000020',	'PRO000008',	'SHP000020',	3,	'2021-11-01'),
('CUS000020',	'PRO000009',	'SHP000020',	4,	'2021-11-11'),
('CUS000020',	'PRO000010',	'SHP000020',	5,	'2021-11-02');




